fishersvillemike.blogspot.com/2013/02/pay-up-obama-voters.html,0,0,0.0013710890198126435
secretforts.blogspot.co.uk/2010/06/bill-viola-street-music-1976.html,0,1,0.0006678603240288794
miniatureyorkshireterrier.blogspot.com/2012/01/,0,0,0.000497825036291033
librarypathwaysandfootprints.blogspot.com/2012/05/,0,0,0.06488198041915894
twentytwentydesign.blogspot.com/2010/,0,0,0.0005569660570472479
gradyent.blogspot.com/2013/11/,0,0,0.009306727908551693
thisdisorderedlife.blogspot.com/2010/09/,0,0,0.0006957844598218799
www.tenderstem.co.uk/recipe-detail.php?id=114#.U_nxHfmwIng,0,1,3.242731690988876e-05
dogshowpoop.blogspot.com/2008/09/as-clear-as-black-and-white.html,0,0,7.427530363202095e-06
assistedlivingtoday.com/blog/category/senior-dating/,0,0,0.00013657980889547616
www.todaysworkplace.org/2015/09/,0,0,0.004901728127151728
www.bcgsearch.com/article/60343/All-the-Right-Moves-Choosing-between-End-of-Year-versus-Beginning-of-Year-When-Considering-a-Lateral-Move/,0,0,0.00011775954772019759
pctaonline.com/author/webmaster/,0,0,0.0002919748949352652
animalmedicalcenter-hollywood.com/veterinary-services.html,0,0,0.002679843921214342
gollygear.blogspot.com/2011/10/,0,0,0.005902228876948357
www.bluemountain.com/blog/2013/04/03/,0,0,0.0054558985866606236
washingtoninformer.com/category/news/,0,0,0.0015422439901158214
althouse.blogspot.com/2006_05_21_archive.html,0,0,2.8430058591766283e-06
jonrogers1963.blogspot.co.uk/2015/03/,0,0,4.850837285630405e-06
althouse.blogspot.com/2006_08_06_archive.html,0,0,3.574314177967608e-07
ponderosalhasaapsoranch.webs.com/apps/videos/videos/show/16897799-how-to-groom-the-top-notch-of-a-lhasa-apso,0,0,0.0002552680089138448
amypaffrath.com/2011/04/,0,0,8.216260903282091e-05
nanceleedy.blogspot.com/2010/07/its-here-its-here.html,0,0,0.00011335137241985649
lobbydog.thisisnottingham.co.uk/feeds/2331094075726009154/comments/default,0,1,4.501558214542456e-05
www.pcadvisor.co.uk/review/graphics-cards/,0,1,0.13715410232543945
homemadeatmyplace.blogspot.co.uk/2015/01/our-last-days-in-london-portobello.html#links,0,1,0.0014258684823289514
bonddad.blogspot.com/2007_03_11_archive.html,0,0,4.676740718423389e-05
hmctsformfinder.justice.gov.uk/HMCTS/GetForm.do?court_forms_id=459,0,1,0.0018657514592632651
fasterfuture.blogspot.co.uk/search/label/microbanking,0,1,0.0009454985847696662
dogshowpoop.blogspot.com/2010/11/san-luis-obispo-kennel-club.html,0,0,4.013936631963588e-05
dachshundlove.blogspot.com/2008/09/dachshund-news-roundup.html,0,0,7.356055903073866e-06
appleisland.blog48.fc2.com/blog-date-201307.html,0,0,4.619736137101427e-05
althouse.blogspot.com/2016_07_10_archive.html,0,0,0.00012898504792246968
www.abgent.com/quote_for_custom_rabbit_polyclonal_antibody,0,0,6.492464308394119e-05
floridapolitics.com/archives/211638-voting-rights-activists-petition-weekend-jacksonville-jazz-fest,0,0,6.130366091383621e-05
www.ramonasvoices.com/2016/02/,0,0,2.6464373149792664e-05
publicpolicypolling.blogspot.com/2008/03/north-carolina-much-more-democratic.html,0,0,0.000863176304847002
ingress.com/,1,1,4.964533218299039e-06
dogshowpoop.blogspot.com/2010/06/six-days-in-idaho.html,0,0,1.431771397619741e-05
fit-twist.blogspot.com/2012/02/,0,0,0.014857570640742779
www.abgent.com/products/category/Allophycocyanine,0,0,0.00010717003169702366
althouse.blogspot.com/2007/03/john-edwards-breaks-silence-on-coulters.html?showComment=1173144660000,0,0,0.03838279843330383
althouse.blogspot.com/2012_12_02_archive.html,0,0,6.347477028612047e-05
www.bcgsearch.com/article/60965/I-did-not-hold-a-summer-position-or-other-relevant-internship-during-my-law-school-What-should-I-do-to-help-my-job-search/,0,0,0.0003142576024401933
mytenthousandwedding.blogspot.com/2012/06/,0,0,0.016733981668949127
sallyjanevintage.blogspot.com/2014/03/,0,0,2.9978114071127493e-06
healingwhole.blogspot.com/2017/02/,0,0,2.766754914773628e-05
ichigotheturtle.blogspot.com/2008/09/,0,0,0.0007529815193265676
alittlebrownblog.blogspot.com/2012/03/,0,0,7.361368625424802e-05
internsover40.blogspot.com/2014/04/on-job-training.html,0,0,2.5428251319681294e-05
blog.richardsprague.com/2006/02/sunday-school.html,0,0,1.9708440959220752e-06
www.wsiaca.org/resourcedirectoryedit/?orgID=158,0,0,0.045454323291778564
www.jdjournal.com/our-sites/,0,0,7.573327457066625e-05
frmnytotx.com/2017/03/16/brand-review-samsoe-samsoe-florence/,0,0,5.088577381684445e-06
marys-view.blogspot.com/2008/12/,0,0,1.3384539670369122e-05
worldlii.org/,0,0,6.360046245390549e-05
wgiram.iheart.com/features/get-the-iheartradio-app-240/,0,0,0.008984411135315895
aaeakenya.blogspot.com/2010/11/woodchip-to-methane-to-electricity.html,0,0,0.00362050486728549
invinciblearmor.blogspot.com/2013/05/oh-my-more-unsettled-science.html,0,0,0.0006510685198009014
www.abgent.com/products/category/Texas-Red,0,0,0.005389227531850338
althouse.blogspot.com/2016_07_10_archive.html,0,0,0.014366881921887398
sixteencedarsaussies.webs.com/litters-puppies,0,0,1.2184299293949152e-06
suiteapplepie.blogspot.com/2009_12_01_archive.html,0,0,0.0002102656289935112
sallyjanevintage.blogspot.com/2009/01/,0,0,0.003285893937572837
findersinternational.co.uk/wp-content/uploads/PDF/Private Executors/missing_heir_location_service_terms.pdf,0,1,0.0070823426358401775
yorkurbanist.com/recreation/curling/curling-business-planning/,0,0,5.563780723605305e-05
www.tortoisebanker.com/,0,0,0.00048317472101189196
ecofrugality.blogspot.com/2009/,0,0,2.5941051262634574e-07
althouse.blogspot.com/2016_07_10_archive.html,0,0,0.001530283596366644
www.todaysworkplace.org/2003/09/,0,0,0.0009222740191034973
pro-linkglobal.com/tag/germany/,1,1,2.254806167911738e-05
www.santos-robinson.com/_mgxroot/page_10788.php,0,0,0.004676986951380968
www.motortrend.com/cars/lexus/es300h/2014/,0,0,3.133303107460961e-05
bplolinenews.blogspot.com/2012/11/learning-digital-basics.html,0,0,1.4855884728603996e-05
apeidaumregalodonarizagentetrata.blogspot.co.uk/2013/01/jornais-de-hoje_28.html,0,1,0.0002985287574119866
victorcab.blogspot.com/2009/03/,0,0,3.872770321322605e-05
www.valleyleadership.org/ourleadership/,0,0,0.0004927815753035247
i.dailymail.co.uk/i/pix/2017/05/21/04/40990C7900000578-0-image-m-52_1495338165159.jpg,0,1,0.00019792761304415762
www.har.com/mapsearch,0,0,0.000136262591695413
nyceac.com/understanding-the-ins-and-outs-of-guardianships/,0,0,0.000338033918524161
healthiermn.com/tools,0,0,0.0009305404964834452
zezaflor.blogspot.com/2013/11/,0,0,1.914132371894084e-05
www.islay.org.uk/2014/08/19/horses-and-ponies-at-sunset-kilchoman-isle-of-islay/?share=reddit,0,1,0.001921601826325059
www.knowcrazy.com/2013/01/valentines-day-2013-sms.html,0,0,0.001459573395550251
www.milliken.com/en-us/Sustainability/Pages/sustainability.aspx,1,1,1.0348075193178374e-05
ifreedomtrail.blogspot.com/2005/10/miers-withdraws-nomination.html,0,0,2.2510307644552086e-06
bradblog.com/?m=200711,0,0,0.00013111137377563864
totalinvestor.blogspot.com/2016/06/,0,0,2.890839368774323e-06
www.antonline.com/p_Microsoft-234-00105-Xbox-One-S-1TB-Console-Forza-Horizon-3-Bundle_1282277.htm,0,0,6.577298790944042e-06
petsandothercritters.blogspot.com/2013/03/,0,0,2.6390560492473014e-07
www.abgent.com/products/category/Texas-Red,0,0,0.019214637577533722
smallestminority.blogspot.com/2012/03/farewell-to-j-joseph-curran-jr.html,0,0,6.953879960747145e-07
www.mommykatie.com/2017/03/,0,0,3.857377578242449e-06
www.utne.com/blogs/town-square,0,0,0.0002292558638146147
althouse.blogspot.com/2012_12_30_archive.html,0,0,2.1993579935042362e-07
www.serlecourt.co.uk/news-and-views/news-article/citywealth-leaders-list-2012,0,1,3.1599506655766163e-06
the-hermeneutic-of-continuity.blogspot.co.uk/2006/07/faber-on-montforts-true-devotion.html,0,1,0.0022826832719147205
althouse.blogspot.com/2006/05/true-belief-means-that-you-hate.html,0,0,6.990719612076646e-07
www.madforfashionblog.com/2011/09/my-levis-curve-id.html,0,0,0.004694912116974592
www.mommykatie.com/2014/05/,0,0,8.417309800279327e-06
www.parliament.uk/business/committees/committees-a-z/lords-select/science-and-technology-committee/news/nuclear-report-press-notice/,0,1,0.00022482487838715315
videos.aarp.org,0,0,0.00017779594054445624
www.thisandthatcafe.co.uk,0,1,2.2815931970399106e-06
www.reliant.com/en_US/Platts/art/CEA_offices_fig1.gif,1,1,1.1112795164081035e-06
stealherstyle.net/2017/04/12/jade-thirlwall-printed-t-shirt-suede-knee-boots/,0,0,0.001430955366231501
www.abgent.com/quote_for_custom_rabbit_polyclonal_antibody,0,0,2.5913795980159193e-05
natsuminishizumi.blogspot.com/2010/03/,0,0,5.612287168332841e-07
althouse.blogspot.com/2016_07_10_archive.html,0,0,2.0968467651982792e-05
kilburnunemployed.blogspot.co.uk/search/label/citizen%27s%20income,0,1,1.711363097456342e-06
dunhillmonster.blogspot.com/2009/08/well-loved-growth-in-emergency-op-shock.html,0,0,4.2968775233021006e-05
canentrepreneur.blogspot.com/2009/10/most-impressive-launch.html,0,0,0.0003074942796956748
freshoven.blogspot.com/2011/12/december-2011-roundup-festve-wreath.html?showComment=1325279460828,0,0,0.0002883772540371865
doyoubelieveindog.blogspot.com/2014/12/,0,0,0.005341704469174147
ambivablog.typepad.com/ambivablog/2008/04/obamas-sunk.html,0,0,0.019425449892878532
musingsofanoldman.blogspot.com/2008/01/,0,0,0.009464411996304989
alexfletcher.typepad.com/all_bets_off/product_evaluation_insight/,0,0,0.00019102929218206555
www.styleisstyle.com/2013/12/when-i-wasnt-even-looking.html,0,0,2.5073361030081287e-05
musiccornershop.blogspot.com/2008/05/splinterites-play-too-part-two-andy.html,0,0,9.065730409929529e-05
azurebluestripe.co.uk/circle.php?college-application-essay-help-online-dummies,0,1,0.003215149510651827
seasonsofviolet.blogspot.com/2005/08/sydney-and-sunny-i-swiped-this-picture.html,0,0,0.0020380022469908
althouse.blogspot.com/2006/05/life-on-appellate-court-tends-to-be.html,0,0,0.003824676852673292
althouse.blogspot.com/2006/12/i-am-willing-to-step-up-to-plate-and.html,0,0,0.00029495099443010986
bonddad.blogspot.com/2017_03_19_archive.html,0,0,1.8781896926611807e-08
i.telegraph.co.uk/multimedia/archive/01515/alGore_1515233c.jpg,0,1,0.0002315994497621432
callofthepatriot.blogspot.co.uk/2009/05/dress-rehearsal-bare-naked-islams.html,0,1,3.380473572178744e-07
the17thman.typepad.com/my_weblog/swim-training-2009-september/,0,0,1.124088066717377e-05
gollygear.blogspot.com/2010/01/,0,0,4.786299086845247e-06
blog.goinspirego.com/,0,0,0.24489356577396393
www.wipp.org/news/26455/WIPP-News-Releases-Intuit-Invites-America-to-Vote-for-Favorite-Entrep..htm,0,0,0.006801967974752188
assistedlivingtoday.com/blog/category/senior-health/,0,0,9.285467967856675e-06
www.shedworking.co.uk/2012/10/how-to-draw-garden-shed-video.html?showComment=1349704677571#c4701488417780543127,0,1,7.762112090858864e-07
likepunkneverhappened.blogspot.co.uk/2008/09/september-1978-prototype-issue.html,0,1,0.00022655981592833996
karohemd.dreamwidth.org/2365851.html,0,0,0.2614014744758606
www.rubytheairedalepup.com/2013/12/,0,0,0.0037278744857758284
althouse.blogspot.com/2009/01/phrasing-is-so-awkward-that-youd-never.html,0,0,8.53968003866612e-07
althouse.blogspot.com/2007/09/what-have-i-done-what-i-have-i-done-get.html?showComment=1190149800000,0,0,0.0005704273353330791
althouse.blogspot.com/2006/07/chez-blogher.html,0,0,0.00015328069275710732
i2.wp.com/sheandhem.co.uk/wp-content/uploads/2016/08/16WSUM_WH989_YEL_D01.jpg?resize=428%2C553,0,1,0.00010298049164703116
opendotdotdot.blogspot.co.uk/2006/04/why-voip-needs-crypto.html,0,1,0.00031930042314343154
www.islay.org.uk/2015/10/23/cliff-channel-and-lone-cloud-isle-of-islay/?replytocom=15202#respond,0,1,0.0380115807056427
www.fairtrials.org/andrew-symeou/,1,1,0.0006153496215119958
legaledoff.com/?page_id=2202,0,0,0.005680418107658625
trisarahtopsg.blogspot.com/2012/10/,0,0,4.669852387451101e-06
micheladrien.blogspot.com/2006/05/,0,0,0.00042505396413616836
news.bbc.co.uk/1/hi/scotland/8169285.stm,0,1,0.20048847794532776
www.thetimes.co.uk/tto/news/,0,1,2.090485031658318e-05
www.milliken.com/en-us/Innovation/Pages/innovation.aspx,1,1,6.259056135604624e-06
chasemeladies.blogspot.com/,0,0,8.109756163321435e-05
www.abgent.com/products/AP3098a-Phospho-ERK3-S189-Antibody,0,0,0.15461115539073944
sozowhatdoyouknow.blogspot.com/2017/05/,0,0,0.017594533041119576
splendidwren.blogspot.com/2008/06/,0,0,0.004634374752640724
nanceleedy.blogspot.com/2011/03/,0,0,4.287651245249435e-05
every-day-inspirations.blogspot.com/2010/07/,0,0,6.206314395740264e-08
swflorida.blogspot.com/2005/08/,0,0,0.019792867824435234
firsttimetwins.blogspot.com/2015/05/,0,0,0.00013344446779228747
c-myste.com/puppies/,0,0,0.0001426411618012935
cestpasmonidee.blogspot.co.uk/search/label/forrester,0,1,4.2672155586842564e-07
khyraskhorner.blogspot.com/,0,0,2.803170536935795e-05
allegrocardigans.com/lizzie/,0,0,7.58429223424173e-06
booksinq.blogspot.com/2013/01/this-looks-interesting.html,0,0,1.908863487187773e-05
www.theromancedish.com/2009/12/,0,0,0.004081221297383308
hurstassociates.blogspot.com/2006/01/,0,0,0.00011629149230429903
hocowellandwise.org/2015/09/classes-events-to-keep-you-well-wise-18/,0,0,7.245282176882029e-05
www.golden-retriever-guide.com/akc-golden-retriever/,0,0,1.6910684408344423e-08
dogclotheshorse.blogspot.com/2008/11/poll-sweaters-made-from-dog-hair.html,0,0,1.613588892723783e-06
dogblog.finchester.org/2006/09/,0,0,7.762028690194711e-05
www.pressgazette.co.uk/story.asp?sectioncode=1&amp;storycode=47576&amp;c=1,0,1,0.0002319769118912518
massecon.com/members/benefits/,0,0,0.0006794194923713803
althouse.blogspot.com/2013/01/we-cant-go-out-and-lock-up-all-socially.html,0,0,0.0001721241424093023
khyraskhorner.blogspot.com/,0,0,0.00018569616077002138
www.abgent.com/products/AT2650a-KRAS-Antibody-monoclonal-M01,0,0,0.00012099179002689198
stcroixsource.com/,0,0,7.293078670045361e-05
offbeatandinspired.com,0,1,2.9689106213481864e-06
s3xinthepantry.blogspot.com/2009/08/camping.html,0,0,4.827461452805437e-06
www.abgent.com/products/category/Amyotrophic-Lateral-Sclerosis-ALS,0,0,0.0004352154501248151
resourceinsights.blogspot.com/2008/12/,0,0,0.055802665650844574
althouse.blogspot.com/2006/05/at-those-times-when-you-are-absolutely.html,0,0,0.1120217815041542
immigrationmexicanamerican.blogspot.com/2007/12/global-economy-dollar-nosedive-and.html,0,0,0.0001017036265693605
librarypathwaysandfootprints.blogspot.com/2013/03/community-radio-fund-of-canada-crfc.html,0,0,0.004935118369758129
bonddad.blogspot.com/2017_03_05_archive.html,0,0,0.0002466790028847754
iaindale.blogspot.co.uk/2008/08/fisking-yvette-cooper.html,0,1,0.0005410191370174289
pureland.blogspot.com/2011/11/,0,0,0.001839008997194469
althouse.blogspot.com/2016/07/new-swing-state-polls-released.html,0,0,0.00042959567508660257
foureyestheblog.blogspot.com/2014/04/susie.html,0,0,7.191931217676029e-05
thekoolskool.blogspot.co.uk/search/label/Hardnoise,0,1,2.6118437745026313e-05
globalmba.typepad.com/global-mba-internships/2013/06/-international-marketing-internship-has-started.html,0,0,3.851472501992248e-05
0.2www.englishtown.com/community/modules/Forum/Group_Id/ADIAMwA/ForumID/23/threadid/73660/scope/posts/Default.aspx,0,0,0.00034092823625542223
videobucket.co.uk/2017/05/,0,0,4.1155308281304315e-05
tinatarnoff.typepad.com/thought_patterns/theatre/,0,0,0.001084374962374568
ushealthpolicygateway.com/vi-key-health-policy-issues-financing-and-delivery/health-financing/private-health-related-revenues/out-of-pocket-spending/,0,0,4.236785025568679e-05
www.mommykatie.com/2014/04/,0,0,9.401749412063509e-05
www.first-referencement.com/tag/business-studies,0,0,4.9898942961590365e-05
www.abgent.com/products/category/Allophycocyanine,0,0,0.005813587456941605
portionteller.com/2016/03/,0,0,0.00032396602910012007
bitterrootandbergamot.blogspot.com/2007/04/,0,0,0.0012629403499886394
ambivablog.typepad.com/ambivablog/2005/02/intelligent_des.html,0,0,0.00017088222375605255
www.ramonasvoices.com/2014/01/,0,0,2.531778227421455e-05
www.gov.uk/government/consultations/improving-the-code-of-practice-for-victims-of-crime,0,1,0.00017071787442546338
www.sellingcrossing.com/browse-jobs/jobs.html,0,0,1.3771732483291999e-06
itechgenie.com/jagathselvan/tags/samsung/,0,0,0.00011022698163287714
www.abgent.com/products/AP3725a-Cleaved-CASP3-Asp175-Antibody,0,0,9.943389886757359e-05
www.pennystockguide.net/tag/bureau-of-labor-statistics/,0,0,0.0015026667388156056
www.abgent.com/products/ASR3324-MOUSE-IgG3-isotype-control-Allophycocyanin,0,0,2.4876042892252315e-10
economistsview.typepad.com/economistsview/equity/,0,0,0.0020979614928364754
www.nhcopenhouse.org/2009/10/,0,0,1.0556440429354552e-05
central-bark.com/blog/2012/05/,0,0,0.3177878260612488
