word,count
metal,11299
prosperity,7671
mile,5208
breast,10094
onion,8649
intimacy,23762
prince,20748
template,7317
dexter,5198
ahead,14662
barrel,5000
bomb,12901
sew,10017
appeal,23749
bees,8954
wedding,29443
wish,17608
watching,13559
behavior,18587
ancient,9353
size,17118
comedy,20959
lotus,5583
posse,6828
order,62570
abortion,19911
inequality,23964
ultimate,14703
anonymous,13012
pretty,27362
leaves,11710
vacation,16258
find,61032
reference,16630
grey,23805
audit,11125
lance,5875
hen,6602
foreclosure,9519
mean,16072
nude,6532
imprime,5960
victory,13863
shower,6706
joey,5695
rape,25933
soldier,11922
personality,8265
risk,42698
spy,16185
mystery,22667
r,703840
se,13128
become,27456
merry,20981
pub,11638
universal,22966
mysterious,5058
let,34098
star,56848
planet,34964
tide,5687
word,59704
aide,20573
depression,17672
assessment,17433
refugee,10774
abstract,6529
basic,16801
humanist,5281
laundry,10886
riley,6916
wire,18387
boom,8242
sec,11808
cabin,7911
process,16960
fairy,10576
tried,6191
orchestra,5007
television,45664
fellow,9926
parent,16934
clause,5536
triple,7658
astronomy,9546
class,50983
spider,5571
glen,5998
happening,9186
guard,7874
mason,11052
shut,6168
furious,9447
dry,16257
bearded,8377
revenue,10342
weekly,35765
column,11369
embroidery,6355
folk,8954
thousand,6254
reg,6575
surrealism,46095
basketball,7161
worship,5361
location,10942
puppy,26784
half,21775
earth,49259
escape,11499
system,53570
apple,48675
intolerance,5271
crafty,13050
busy,12121
handbook,6456
chapter,36286
gather,8143
match,11342
alan,52665
chief,25391
energy,52247
number,23537
cole,21995
tourism,10882
traffic,27515
strawberry,11290
coast,22481
toby,9253
democratic,16341
payment,14306
host,9474
fan,14646
agency,31814
staff,33926
humour,12086
authentic,5394
pete,12501
learning,61403
eternity,7709
done,14987
sanders,20630
great,110646
observer,14890
plotter,26881
guitar,8604
fate,7275
attic,8323
illegal,13694
distance,6873
flight,17583
mike,61391
listen,32031
hooked,53755
bottom,10031
berger,6643
rail,13067
content,22957
educational,13917
everybody,5819
cloth,6822
charm,6142
ted,27764
alien,12286
mar,28014
os,9931
gore,24433
lie,13465
spend,6818
happy,108771
explore,5316
stopping,5040
model,27526
guess,12752
front,36126
track,12543
hart,14802
strike,17338
hay,5053
organic,19923
total,16703
drug,25697
bring,19074
entryway,12127
color,41604
honor,11485
four,37962
father,59790
loading,29194
program,102250
primer,6603
long,66178
dee,7430
alert,24273
dust,19091
leather,9440
summary,19450
forget,45621
sound,24556
clothing,12578
jane,38830
lens,8611
infinite,6192
artistic,6938
garland,6617
sunset,7885
clapper,5827
libertarianism,11392
mildly,5356
castle,19148
versus,8386
ghost,15819
lamp,5193
sexuality,5825
comparison,8324
libertarian,25270
sleep,72375
grade,8025
booker,12607
legislative,9226
legal,111199
police,55204
preview,8703
truck,57437
diet,40046
regal,8201
carol,21800
breaking,40389
unleashed,5008
asset,11706
broke,6899
decision,25892
ethical,7978
stress,11915
ownership,12123
shouting,6029
nationalism,9214
scarlet,6291
based,16496
change,98034
catching,6992
lavender,6198
sessions,10621
spiritual,9335
kiss,7187
elementary,13239
hero,26812
breed,11517
chamber,15356
sum,5896
en,65345
manual,9124
proper,7190
itching,6406
damage,9129
lecture,8383
universe,12004
drunk,5213
pork,7318
quote,51604
fairness,11180
gilbert,6420
representation,9034
sampler,5692
business,232107
panic,7262
museum,27841
lily,14496
simply,23161
improve,19505
gardening,16490
bus,22447
private,38757
chuck,26346
ca,14366
cleaning,17455
build,18512
unfair,5406
stay,19756
island,40326
locator,24661
sculpture,6414
ward,14763
printing,7575
posh,5727
religious,21117
savage,13431
pastor,6508
ridge,7908
early,31903
workshop,19359
necklace,5080
infrastructure,16139
inflation,16681
income,47590
mark,90675
civilization,7130
recording,5998
colonel,6988
gazette,10216
forecast,56110
testify,13537
noel,5687
dachshund,6482
brick,8211
trouble,15926
chi,5224
constant,8285
pod,6615
move,22990
clip,5555
dentistry,7529
holly,13952
health,158254
chevron,6590
belle,12187
coverage,14139
sherlock,7266
marine,10479
decline,14166
paper,49961
large,25746
winning,19026
ate,6247
video,112709
effect,21650
blues,19824
kennel,14211
improving,7106
adopt,7065
beth,18961
harassment,14954
collective,16657
faculty,49302
financial,80255
school,165690
monster,17782
clever,5791
statement,32093
outlook,6610
kaiser,5102
pearl,14200
coal,15967
heath,11935
sissy,5641
overweight,6864
explorer,9502
king,49912
homeland,6086
patella,6037
kangaroo,8919
hullabaloo,6242
principle,5045
page,125626
block,14542
damages,6378
hospice,6654
free,215066
laboratory,5374
barney,10254
pepper,9762
bush,40929
sheriff,6112
command,18842
pig,17224
tables,6075
bing,5129
express,18101
referendum,19467
aboard,5083
official,30609
hood,15527
fabulous,12788
remembrance,7264
bloat,6273
artifice,5157
podesta,5018
gambling,7262
stella,11769
torch,5339
metabolism,27907
works,56294
loose,13040
fault,5258
advice,41215
cottage,16771
hacking,8342
built,9936
quality,22456
rent,15731
mirror,14871
like,130078
true,40810
sign,67218
swift,9864
ruling,8307
clay,10605
wellness,18740
blake,13951
white,98381
dangerous,23604
afraid,5525
collaborative,5165
park,49837
singing,6207
python,7511
rice,21759
grounds,12907
rationality,47194
mo,59214
minister,14744
speedway,48691
quite,7439
quarter,8568
hurricane,16719
flat,15353
oak,8713
furniture,14703
rap,6617
easily,7261
het,5520
happiness,61624
lord,17970
membership,39100
sauce,6233
idiocy,6181
leptospirosis,6305
common,67654
lateral,44341
chapel,6065
middle,46739
emergency,21685
chronicle,19596
listening,7434
urban,52444
jean,21978
milk,15781
idea,26365
commercial,26902
kim,30766
wet,7949
grumpy,6839
lightweight,44665
mist,6420
strong,22011
specter,8908
parliamentary,8753
prohibition,5574
occupy,13500
reflection,7389
testing,17286
shade,48282
workplace,10245
pup,7269
discuss,10875
comfort,13236
senator,14371
writing,53874
recession,11811
interior,21182
agility,11342
according,14023
registry,6417
consensus,5641
geneva,5336
chic,18577
quiet,14207
sofa,6760
language,80381
also,19215
shame,7714
eats,5492
consumer,53939
growth,28642
essential,18873
malkin,14103
nova,12122
ne,5770
hiatus,8783
fear,29348
acting,7001
frank,45037
commerce,20812
quietly,13387
discount,10241
mind,46748
installation,6377
recent,39008
trend,10645
employee,16445
bomber,13207
pornography,7289
fresh,29238
hall,31379
zone,72499
delivery,9802
skeptical,53388
breeding,6850
bureau,14167
meeting,30972
sing,5004
consortium,5906
coming,41458
lone,13362
tip,10908
drum,10352
nelson,21725
even,33421
zero,27730
alone,9437
loving,12609
biotin,26866
learned,12152
marshal,5129
premier,9094
recently,12340
second,43589
mail,25688
integrity,7304
candidate,9179
first,131904
z,165676
la,90954
coaching,5546
wine,22681
older,360891
paradox,47823
marriage,37809
junk,21365
physics,10209
protectionism,5616
burning,26724
beagle,5145
creativity,10525
competition,20684
resolution,15212
forced,9481
ugly,8740
shell,12769
looking,37943
bridge,24977
push,9741
pulse,8864
round,23148
deputy,13679
barry,16664
fi,6393
gross,7317
unusual,5057
default,5391
virtual,26502
nexus,5223
export,5352
draft,15536
born,13062
dispute,9200
county,48596
colour,8940
self,24866
roundup,23280
amyotrophic,27193
prof,12778
tara,6185
access,48305
sides,9687
dancing,13194
hummer,5214
ar,5695
need,76680
odd,6426
actually,14788
granny,6818
error,7771
seriously,10279
retreat,7390
ceiling,6492
advertiser,9886
prescription,7336
yarn,6621
hawk,5978
painter,6831
homeless,12040
reins,5308
wheel,8408
quinoa,6023
sassy,5220
tax,84304
akin,6046
airedale,5905
dawn,14970
nobody,8630
bond,15557
rocky,15317
engagement,16065
medieval,6878
zebra,6716
buzz,16074
impeachment,7510
taste,12051
peer,6239
tongue,5014
betty,11779
nine,13484
scout,5373
pray,6346
explosion,6486
morgan,24205
face,41592
peptide,26947
petite,7474
afternoon,9679
editor,13268
farming,6618
loss,22805
look,54404
pacific,15874
rip,17387
validation,27678
spirituality,7843
organization,33974
retirement,47976
q,56341
levin,8929
hurt,10417
bean,12038
document,10323
critical,24495
sought,6734
practice,38366
super,41647
prejudice,5145
boost,11700
flu,14469
needs,24257
harman,10281
fletcher,5764
unlawful,5289
dreamer,5885
welsh,12522
betrayal,6446
reunion,49164
lounge,55905
firm,42780
tulsi,5422
fest,57432
argumentative,5054
pack,21007
thunder,11478
shelter,19605
cine,8112
spice,8799
seven,28550
destroy,7042
hypothyroidism,6405
humane,9796
bathroom,7103
legislation,27736
massive,7030
value,19195
revealed,6841
resistant,12373
reverse,10080
photographer,9256
jail,8836
silk,6391
professor,23632
dynamic,5755
syndicate,6714
flea,17216
eu,54963
fusion,7804
warrant,6199
side,85688
jerry,20071
amnesty,10408
humor,33037
armed,17005
luke,13045
poster,7748
cook,20200
position,6957
gear,17090
tall,5190
portrait,6187
honda,9221
bureaucracy,7851
electricity,6808
hole,10140
therapy,32685
advanced,18881
wave,10691
guy,38191
reduce,14577
physical,11079
trying,16683
emma,18948
judge,24696
myth,12169
watchdog,9459
gun,31128
satellite,6678
celebrate,11932
irony,12110
narcissism,46139
teens,9171
rolled,6361
dire,5536
fix,13937
stark,5150
waxman,7324
mass,22807
teen,12362
section,14739
circle,19051
motif,27929
mixed,12153
stone,29568
prefer,5450
passing,6785
graphics,7173
stumbling,9834
portfolio,8641
bucket,5887
login,21657
logic,56068
fancy,9284
theater,15014
probe,9591
mommy,16898
member,42971
tipping,5046
species,5007
mice,5883
field,32821
write,21803
clearing,5655
elite,33069
hope,33786
label,6418
prior,5074
agricultural,5125
rumor,6032
deluxe,5750
assistance,13567
tennis,7518
advance,10865
joke,9878
lemonade,5207
difference,56242
freeman,16859
propaganda,52543
play,38184
eclectic,10377
silence,53683
funk,8769
touch,18077
hive,5712
woolsey,5621
meet,96846
fishing,11514
fantastic,5367
danger,17159
main,28299
beach,35625
upcoming,10464
body,32732
comes,28875
polling,8947
turner,9364
rod,77247
assistant,6649
shock,9978
dodge,6635
resource,54923
join,67198
stupidity,8386
pundit,18562
prophet,7004
glossary,8378
image,15769
treasury,12189
acupuncture,7461
miscellany,6035
file,70657
phage,27416
minority,13377
alley,7584
streets,8844
sandy,19363
shop,67547
funds,16299
link,49998
campus,12935
plaid,5777
brook,9202
elsewhere,7805
goodman,6778
kelly,32479
punch,6725
lucky,14259
channel,24135
pickings,45900
cultural,20447
fly,22809
gen,6233
confidential,5942
documentary,11381
throw,5144
drudge,9301
patch,8609
connected,8758
emotional,52515
crack,12461
pistachio,6875
epilepsy,8049
liver,8834
posted,9085
wise,12550
twilight,5325
creek,17605
chaos,22045
billion,15916
celebrity,31557
panorama,5079
jet,5813
nostalgia,9730
peek,5994
suffer,8463
drain,5134
least,17007
rick,28411
table,25784
doggy,5838
culture,73887
memorial,22018
registration,15636
deadly,6952
rowan,9151
n,688850
gate,9109
domain,18995
learn,85152
policy,164612
win,38977
album,9253
falling,9756
daze,7970
times,108895
lots,17801
speaker,7659
desk,9077
monthly,19218
earn,8337
male,11072
abbey,11169
tradition,9047
product,43280
blame,13515
cancer,63440
conduct,13085
understanding,13513
flip,7282
weld,5663
statistics,30152
feature,9858
id,20370
communist,5024
unlimited,5870
naked,23173
budget,65169
chart,11894
privilege,7420
brought,8305
spotlight,10932
donation,7624
share,224407
ice,28366
insider,10946
pressure,17188
grand,31106
abuse,34300
form,25556
fin,6354
missing,21395
defence,24581
repair,7009
cage,7309
bank,42262
hearts,12732
air,63673
interest,48284
study,45162
drought,7256
scratching,5542
flake,6095
sea,31736
memory,23514
canyon,5909
barn,10367
pin,9924
cable,11989
battle,30161
creation,10962
tooth,5036
galaxy,6099
promote,11520
abu,6938
taking,34121
late,18344
walsh,5871
bully,5335
procurement,5607
wee,7786
depot,6088
bias,14484
hoax,11917
trio,5007
laser,9940
memo,57248
best,125929
impact,23768
premium,15673
previous,29641
magazine,150322
entitlement,7502
entrepreneur,5561
view,302176
mother,35176
history,158387
capital,43010
moment,23107
modular,12688
potential,11558
editorial,15352
alive,8068
right,94805
military,45018
piece,27824
flame,16452
kill,20893
dow,10142
needle,5889
infringement,6116
automotive,31225
realm,6314
curve,7839
landscape,6718
wordless,15784
smooth,7304
point,40311
strategy,54234
aba,7301
engine,13087
affect,13810
festival,30060
discourse,5562
many,43018
nurse,5019
architectural,5596
predator,10574
tonight,12421
poop,7608
certified,7013
holy,17521
dame,8352
mac,21295
usage,6704
climate,44105
fixed,9155
scum,6559
plain,11507
cry,5555
pushing,8273
garage,20930
vitamin,5472
cave,6208
split,5065
mobility,6455
quest,9578
every,33199
crisis,34043
draper,9223
chocolate,25827
suck,5410
cupcake,5860
teaching,22547
rainbow,12749
offshore,5268
sector,16017
button,11398
ledger,6034
brad,21496
pam,10844
affordable,38016
western,24248
morality,52201
goes,52558
unsaid,45045
helpful,9984
zac,5694
lack,13827
michigan,22629
coco,11156
raft,5035
full,71657
million,36800
informed,6775
accuracy,5507
little,108558
sand,12227
festive,6208
china,57522
demand,15057
owl,8351
influence,11050
chad,7640
queen,39904
thankful,6102
big,212091
wit,5922
outside,20176
fair,41360
terrorism,23663
crushed,8339
trail,11228
sit,6483
stealing,17189
mosque,7259
sister,17559
cam,5624
wear,10017
citizenship,5453
junction,5889
steel,12314
th,5070
almost,28092
within,15772
saint,18808
left,52703
break,22964
background,8752
torture,16387
stalker,45089
mid,8776
uncovered,7748
animal,48076
personal,123218
death,60573
seen,65000
l,667492
charming,48210
normal,51941
district,23332
nose,10068
alpha,9022
tablet,5316
poll,29684
electronics,10396
respect,10545
joint,13222
intellectual,26877
rand,17123
apology,5347
robot,11329
idiot,8044
payday,5468
homosexuality,9241
swim,5452
patriotism,51139
shine,6325
lighting,10100
handling,10048
secondary,32281
forum,47551
magic,28532
record,33060
brain,100368
present,18023
rainy,8820
might,18021
jewelry,14004
jordan,13994
veteran,8765
bourgeois,5084
genesis,14321
salvation,7192
feeling,10713
garbage,5963
tan,5344
cape,7260
grocery,5104
blueprint,5686
boots,11318
dying,6851
never,48672
murphy,19430
burr,8260
negotiation,7674
despite,6060
disabled,9090
course,17584
newsroom,13755
director,17831
mitt,18580
something,46406
liberalism,5449
acton,6354
boo,9224
response,26936
sat,8876
basket,6887
hard,28022
lobby,7714
becker,6032
hardy,5038
housewife,6064
cardiovascular,27573
prevention,15945
nuclear,24468
clash,6006
addiction,7589
pull,6684
national,187946
landmark,8237
life,251048
unique,8713
population,15119
infidel,5490
larry,25355
pocket,8449
dot,15373
synthesis,27687
bit,25653
power,75677
sam,41801
care,118512
party,82156
broadcast,8537
likely,14317
seal,5388
crier,5826
hippo,7146
arena,6600
euthanasia,7617
ophthalmology,6501
fine,29187
glass,25292
grouchy,6137
palace,7582
another,89042
copper,5581
visa,5365
institute,97871
giving,45914
beacon,6136
trial,53721
fashion,44210
frist,6036
accused,6263
priest,7960
ben,44464
ribbon,6393
wall,49739
refresh,7629
canada,50961
morning,49837
better,53518
sleeping,6384
mere,8485
shameless,6979
partner,18710
engineering,21051
colorado,27270
oval,6419
eating,63605
hong,16299
relocation,6631
test,33354
edge,21233
develop,6367
discovered,7133
oil,109820
distemper,6312
harmony,7945
solid,5643
rebellion,5565
arrest,15110
savvy,7470
anger,13312
golden,37468
rocket,17179
march,369972
enough,19398
wired,13071
yang,8432
cabinet,11232
negro,5064
native,14669
tap,8014
rising,15069
abroad,9387
across,16746
flower,18328
cross,23789
replace,5507
runner,5141
genetic,8663
deaf,5702
courageous,49093
veterinarian,7814
economist,19910
investor,12698
experiment,6395
spicer,6012
oral,9381
mine,14154
driving,19597
autumn,15157
refund,6840
thrown,13867
mob,7746
viva,9787
involved,8787
das,12303
carry,7120
origin,8657
thanks,18990
gene,15919
rita,10219
frontier,6018
cripes,5119
canon,14004
hybrid,7006
reaction,5154
crunch,7966
anatomy,6973
tail,10575
toast,6934
employ,12625
third,30218
save,59326
north,83321
bath,10093
yes,14670
bed,11735
phone,21527
dominion,5640
renewal,13294
eat,24573
filter,7669
speak,24342
calm,7030
chat,17440
flag,10931
art,152988
final,41598
retriever,9402
heavy,9286
dating,33784
hazel,6337
switch,5897
envy,11283
senate,24430
camilla,5211
everything,36588
mistake,5675
bar,47126
voluntary,7181
rating,14187
tribunal,6231
paint,14893
sultan,6767
nursing,15395
correct,7114
anyone,14536
remains,8261
pound,7012
prayer,15715
nuance,45305
couple,11472
elle,7851
single,25376
defense,31033
terror,24238
silicon,11214
ga,6299
mango,9408
message,16516
signal,32676
fact,14339
devil,14696
lay,16547
thinking,44277
aid,31760
turtle,11232
cute,18619
starting,14116
boot,13457
level,18571
poetry,31466
beginning,10373
mon,5890
bright,14871
machine,28414
meditation,6451
union,41480
weather,89631
worker,8358
huge,13563
serve,9819
lawyer,25116
em,12984
launch,21682
deception,5586
rogue,8881
forest,20384
adult,16382
seat,15323
worry,7340
ten,32224
committee,30927
motion,11304
mag,6366
ruptured,6195
tango,6199
unlikely,6733
writer,14040
screaming,5875
restraint,7772
shift,7066
purchase,9848
flamingo,5284
design,93257
exclusive,16769
address,16659
branch,11666
empty,8807
antibody,27464
airplane,10695
livable,8517
grow,16586
marijuana,12712
innovation,33490
double,71553
inspire,9975
gym,5330
employer,9047
graphic,9086
aesthetics,5753
burton,7946
prosecution,7257
relationship,8448
environmental,24953
salute,5062
senior,50265
japan,40592
portal,57863
effective,9064
boy,34933
circus,8263
race,87769
turn,14194
twist,7923
hotel,19398
curry,7252
doctrine,10907
maternity,6012
productivity,11202
keeping,18672
regular,5005
eric,41529
straight,16760
sunrise,7486
caroline,14250
quit,9757
condition,46924
monitor,11781
chicken,21679
animation,8065
soul,20351
kitchen,110493
got,62563
blackberry,6841
desire,9509
seed,14542
competitive,5640
conference,44957
chip,25002
pair,5819
paying,54062
kit,26098
colin,24047
international,160648
shipping,7390
upgrade,9959
privacy,159811
silva,5260
environment,37386
spin,14482
avoid,9770
keen,5511
adobe,5681
office,73732
series,41046
satire,11428
brownback,5842
awakening,5153
allegedly,14267
town,35688
cope,5355
purple,19163
sunshine,15988
bet,5154
carr,7082
fourth,16775
per,20407
swan,8330
provider,25724
comic,11635
curse,5641
edit,6952
shaw,5466
obesity,20473
burden,5750
federalist,8934
recovery,20704
solution,12946
conscience,11476
riot,6530
franklin,13236
journalist,11250
binge,5016
tribal,7963
minimum,11498
incompetence,8262
warm,8445
morris,14480
copy,9133
glitter,7422
solidarity,6605
opening,19001
jaguar,5215
cheese,22159
desperate,5564
poet,6387
digs,6874
belly,6419
contra,11981
hello,31851
saving,48998
spread,8695
goddess,7736
war,71588
mature,6037
dan,47268
password,29310
period,5342
reporter,12286
fur,9425
sometimes,10300
banner,5728
daily,160837
racing,62246
vista,8086
stumble,5848
nightmare,8399
san,51801
useless,7486
tactics,8526
modern,46280
catholic,17399
monetary,12406
artist,24072
multilingual,5012
philosopher,9681
yo,10918
bigger,6120
proudly,13126
economics,45389
venture,7728
possible,10203
monarchy,6422
salt,12405
shorts,5558
scooter,7073
northwest,7495
easter,33837
studio,30622
hysteria,5410
chilling,5368
syndrome,16454
political,156845
league,28033
witney,5117
featured,16675
football,21313
equity,15964
brave,8266
row,7351
try,44920
agree,5855
coach,8789
toward,8063
miniature,5646
keystone,8316
brother,17926
infectious,28927
soap,7660
goldsmith,5226
gossip,7307
oh,40149
unit,10620
purpose,12105
housing,64174
responsible,12664
legend,7426
sample,9855
concern,9331
hey,7013
iris,6682
liar,5425
sequitur,5147
structure,14590
madness,61122
transportation,17593
abandoned,5069
ground,26447
aurora,7968
sur,7025
green,110663
bear,89587
advertising,88491
powered,32691
lake,24588
benny,5207
dad,18556
breach,5903
rusty,9281
hanna,5881
anything,21685
derby,5391
received,8464
submit,46946
exercise,17862
box,46608
factor,13603
j,125172
masa,6379
train,28237
warner,12796
bride,6439
setting,8127
knight,13979
heat,16380
u,539168
digest,17918
solve,5985
irene,8908
horn,7289
beauty,35915
norm,5775
recognition,8230
eminent,10344
patent,33544
fee,9535
math,12891
scary,9514
ham,5927
everyone,25029
dancer,5383
contemporary,10132
aircraft,5522
junior,10245
slow,21369
humanity,10927
caption,10058
dead,48360
sovereign,7085
jay,32421
manifesto,14594
fat,23734
politics,167024
literacy,12408
creative,64164
cash,21455
travis,8559
fake,25959
highest,7909
water,53187
socialist,10486
gay,30484
singh,6261
absolutely,6341
secretary,10829
ex,12589
digital,67934
fit,14312
classic,26846
litigation,33509
enterprise,26242
travel,108776
nicky,6155
liberty,45674
girl,68900
leak,9088
boss,5583
foreign,29937
mobile,65757
malik,5318
sans,5191
gathering,8477
corner,40014
bay,35476
dos,8536
protecting,13036
exposed,8220
cop,9365
violence,31718
electronic,26004
haul,6270
dizzy,6796
underground,21351
whole,21592
army,21813
marginalia,44268
rover,9945
trading,23798
graham,27475
pony,9470
leave,29883
forgotten,7289
day,252952
absence,5411
judgment,6672
hate,23479
boat,6633
pass,12259
ivy,7485
corporate,63113
run,37765
stage,12766
doc,7874
bodily,45819
funny,29962
si,7362
chrome,10027
ligament,6100
related,10829
preparedness,52809
site,94978
visit,48239
precious,7967
greed,7367
passage,15820
pact,6929
thinker,8633
tiger,15878
cyrus,7804
stein,9554
tales,31790
cutting,13966
commentary,15337
application,24244
actual,6165
pro,29754
would,48341
agenda,16340
whittle,5340
spirit,20650
quick,22863
involvement,6095
tapper,6554
commission,39206
cardin,5333
curious,16440
slaughter,5078
diplomacy,5193
spectator,10608
selling,11225
gateway,14075
cost,81277
brief,21213
rant,12952
important,27137
old,106053
live,165050
research,104817
helping,34935
ill,6569
coyote,7262
marco,13092
consider,11653
problem,34031
apply,6838
ratio,5678
skirt,6550
cruciate,6116
wrong,36914
jeff,40966
bob,57414
plane,7344
consultation,9525
fen,8668
brazil,13582
automatic,5776
miracle,10483
orange,21793
stock,19462
method,8433
marble,7432
recipe,19018
darling,9131
conservative,36594
negative,6098
harvest,8442
gabbard,5470
pirate,7836
mud,7081
hospital,25362
silver,21376
renaissance,10479
losing,17158
plot,10114
property,45253
revenge,8924
gourmet,5142
criticism,6790
v,290945
attitude,7594
arctic,10553
check,33045
secret,50794
poison,5711
taxi,7758
pride,10227
advocacy,31756
smoking,16776
expanding,7653
pedestrian,6351
healthy,94744
speculation,5597
dick,35531
york,101121
equal,8299
prison,20408
guest,40509
cripple,6238
charity,23669
vincent,9985
concert,20562
far,26125
anti,9041
pet,104021
kitty,14532
feedback,38840
forward,18485
sponsor,5441
minute,13668
officer,13132
soccer,10479
labour,29670
sight,5041
episode,12873
ken,34059
less,22703
space,45513
maple,5501
storm,71376
zoo,15245
philosophy,26378
data,114013
seraphic,5173
hundred,5311
virgin,11303
master,26924
khan,13355
outdoors,6068
bass,7074
stopped,7151
sparks,5202
cycle,10543
dementia,8509
totally,9554
android,65490
shah,6306
seasonal,10091
treasure,14251
slime,14144
frequently,6763
raise,11472
vera,7998
bigotry,6155
promise,10953
teacher,19944
inspector,11856
thing,31587
barlow,5295
playmate,6901
definition,8538
speaking,20620
substance,5321
hockey,7376
theory,27963
leopard,7201
mood,6119
audience,5524
tape,9887
often,6132
snap,7050
finger,5074
bubble,12219
burke,9885
horror,11873
dress,15879
boxer,9980
street,77929
denial,6460
biz,5421
flash,16098
activity,15734
drew,15671
gastric,7085
vertigo,6386
caucus,6670
fighting,34119
criminal,44315
sick,11437
arbitration,8485
dirt,5912
building,36355
fiat,10141
te,7992
economy,63464
carrier,5813
drone,7356
skippy,8312
politico,7919
news,347970
additional,5981
flying,16028
drill,11171
electric,24102
eight,14817
terrier,12661
pa,13781
nature,33377
led,10143
men,38569
alison,12712
jeep,5498
camp,20721
fascism,18297
analysis,74842
rhodamine,26890
ann,52227
saw,6872
stealth,5855
top,104717
vice,12537
farmer,9206
phase,6908
lottery,55356
delete,34974
baroness,6532
offensive,5410
wow,8258
summit,29962
wardrobe,6601
die,18060
division,17554
treat,8263
theft,16516
polish,6605
platform,10844
practical,11595
contest,37328
lovely,17511
peace,34315
punctuation,44650
dove,6979
min,5133
directive,8686
tube,9802
atlas,16161
conservatism,51716
mathematics,5107
crystal,10719
unseen,45370
solar,25272
retiring,5147
tool,36979
atom,143786
journey,31694
trust,41660
disease,46058
barking,12790
deep,17984
believe,17806
daytime,9011
leg,6283
sri,12169
high,125283
slave,5811
panama,6544
pie,17067
frozen,7667
habitat,6693
warming,24042
experience,56520
bae,5278
bird,34918
foster,19877
bad,123618
congress,28266
copyright,62461
probate,5191
navy,13875
victim,12190
k,302804
surveillance,58711
curtain,55413
drinking,15121
guardian,26006
carl,24693
option,12050
plant,13412
pioneer,7625
land,44767
duty,10568
chain,14555
occupational,6945
berry,14392
independence,18385
client,30588
leaving,5985
portman,7890
household,9513
moral,14792
tell,27437
exile,7701
archaeology,5424
search,100787
event,37031
renewable,11018
tutorial,11739
pipeline,12600
initiative,17110
schnauzer,6688
sunny,11051
lot,14483
inn,5857
opportunity,13312
becomes,19384
mouth,8933
elegant,5570
may,350479
ralph,27401
boycott,5680
cow,9023
fiction,24580
diamond,12450
canine,21418
added,7774
family,132551
feline,9507
defend,9331
divine,10689
cain,12136
pay,51790
eve,56335
burn,6880
exit,9919
wharf,6413
e,775832
stamp,6253
diary,49832
raccoon,8842
motor,10192
made,58158
wallpaper,5948
winner,14935
yet,40800
jake,18005
woman,49246
floral,7141
singer,12362
wait,10364
banker,5450
flew,5100
hatch,8353
voter,13012
transition,12710
utility,8932
bullying,12694
horse,24978
jurisdiction,6002
gallery,34972
activism,10270
ford,23020
extreme,19926
source,29809
fence,8797
dairy,6044
turkey,31127
partisan,5013
announcement,15114
sky,27041
driven,6061
band,21974
home,549867
beard,6577
kerry,19055
chef,16754
fabric,10094
detective,7880
bowie,8668
patriot,19280
joe,60926
paradise,10230
radical,20048
witch,12270
fossil,6567
serious,15653
cruise,6137
spicy,5429
pilot,8014
delay,10732
deck,8878
six,32991
orgasm,44697
identity,21679
blonde,7898
hell,26987
antique,8051
claim,18739
receptor,26943
villainous,5488
worked,6389
someone,13140
black,111811
estado,7968
surviving,7363
approach,15455
reflex,5984
safety,62292
poor,21234
stocks,8373
sun,36447
northern,22547
amy,31842
angel,20061
swing,7197
darkness,5034
cantor,7727
overview,15764
maintenance,6961
uncertainty,6114
platinum,6777
give,40285
easier,6672
delta,6831
pen,15317
dutch,12888
rage,7569
swiss,7999
hacker,5256
fame,8803
auction,10401
kyl,5599
dilation,5813
bowls,7542
remote,6650
relief,18488
rate,29385
inspiring,7175
bone,7662
pizza,9642
ride,15021
nuke,6000
chair,10384
reluctant,5214
trade,46322
could,56880
recall,13058
ai,6434
calendar,97284
extraordinary,6781
wonderland,9370
imperial,6529
mining,18490
paddy,11002
dear,26467
viral,5275
together,23364
curmudgeon,51923
echo,7107
new,347620
knife,11398
palm,8858
bulletin,39895
supporting,6328
encyclopedia,6681
economic,41829
lead,23215
roll,16967
yon,5108
saying,21101
buy,37547
shutdown,5647
recruitment,11810
driver,32839
prostitution,6801
rabbit,17560
inspired,11309
arm,5230
scientific,9143
homemade,7423
anthrax,5748
kat,9965
almanac,54589
divorce,12437
preservation,9786
acid,8593
chronic,5177
trainer,5051
trailer,9867
exploring,7870
rock,50345
converter,7331
medium,7698
lambert,5057
talent,13674
church,43954
insight,15960
continue,24033
librarian,7957
quid,5721
sink,5933
resume,12594
forty,5398
supply,16530
foundation,78323
pence,8789
college,43638
strength,5769
user,14234
network,100797
kay,10242
key,33806
tracker,7907
fail,28698
prime,14817
trooper,10111
timing,7424
volume,6579
choir,5931
finding,29054
given,8840
childhood,11132
collins,22486
breakdown,8172
bee,16097
sons,18162
superstition,45914
read,89721
howling,5350
excellence,6463
papa,8471
worth,24780
youth,25301
renovation,5643
relevant,5468
development,71879
beer,23638
ever,40040
popular,17449
interview,52225
pan,5891
bookstore,31960
modest,5224
planner,5618
praise,6782
surface,6349
assembly,12317
blossom,8008
ash,11113
anchoress,6134
massacre,7282
downstream,48428
nourishing,6965
salmonella,6657
mill,12030
daddy,13868
picture,27725
archbishop,9777
h,566623
bid,6646
promotion,8267
fern,5211
sally,20179
shunt,5892
streaming,10525
feed,71269
seth,9512
brilliant,24680
moss,10825
ministry,17310
argument,10002
moose,9746
associated,5543
surge,6058
fallacy,6320
buttons,7150
telegraph,13558
importance,8347
pollution,9923
berlin,14387
status,14437
storage,11053
phosphatase,26861
blow,7762
polar,7059
duff,5234
testimony,6034
god,37580
nice,66756
steven,27256
briefing,8464
miss,43784
mount,6623
walk,26453
dinner,23511
welcome,37235
bookseller,5516
ross,30018
cup,24160
survey,32148
winter,44754
historic,20531
elder,15243
protect,18229
counter,14379
acquisition,6834
pine,7381
poverty,23836
positive,12829
tribute,10738
cosmos,7418
prevent,6522
ho,5029
shadow,13896
moving,40844
settlement,10642
bloom,11532
lane,24174
sponsorship,6435
step,24162
booth,10564
democracy,41824
campaign,58347
storytelling,5225
truth,46782
betting,7706
renegade,6601
butler,12075
thank,27165
felony,7645
biology,35235
piper,17892
publicity,8041
night,95354
cherry,19407
paraphrase,44177
session,10493
state,135889
mummy,5265
millions,21327
debut,5101
medicine,33096
shot,18559
inheritance,7297
giant,14586
profit,10883
unknown,12799
later,10078
dam,6928
cream,18610
spark,9188
provide,6652
east,47452
parody,6477
fort,12510
warehouse,5370
temperature,5155
accountability,14082
salary,7498
tenth,6710
bench,7876
muse,11435
vintage,41000
fruit,12350
communism,9306
taxation,10280
hookworm,5849
low,23965
retired,26966
buster,5602
ticket,9494
game,100596
nancy,34716
searching,6639
psychological,5796
earthquake,13887
gold,41428
lab,19884
work,174137
weird,78297
surgery,20792
trey,7327
governor,13143
evolution,19200
boston,38565
notice,21347
pants,9217
watt,7850
current,44796
wolf,21777
transit,5565
carpenter,7536
success,23249
lucy,11849
dean,38114
device,7636
update,86877
responsibility,10220
rebel,14839
transform,6032
fog,6146
pure,13872
fool,8733
paw,5850
suppress,5569
laugh,6738
industrial,20175
royal,21027
wonder,17630
de,112599
regulatory,15428
hound,9894
mealtime,6286
receive,16961
rise,17810
migration,11078
miller,33013
archive,38474
optimism,5363
farmhouse,5336
code,33780
southeast,8137
shocking,14892
affiliate,5309
di,19684
chasing,6083
che,8362
highway,6828
mack,5219
sure,11432
fifth,13030
willow,6222
chips,7090
bailey,12442
karma,51395
c,521842
governance,9409
eastern,10427
volvulus,5754
evangelical,5108
found,33822
walker,22895
grace,21732
feminist,11643
dish,8185
bud,8704
radio,82658
reed,14235
commissioner,7863
customs,6443
grain,5982
young,55906
consumption,5935
charge,13865
tank,13231
detention,5691
blind,14403
broad,8392
velvet,11413
request,43647
flooring,13085
authority,20994
movie,41774
shanna,6575
reform,45949
guidance,9198
crossing,6584
sovereignty,6059
crooked,7163
knighthood,5906
cliff,11545
multiple,11959
nanny,12874
raven,5813
hacked,7260
solitude,45255
increase,15810
journalism,30941
heaven,64332
beat,27537
listed,9269
blast,11956
professional,32641
drink,20425
cake,23908
annoyingness,44108
discussion,36906
advantage,7994
century,25022
must,32064
josh,12234
gaming,8995
biggest,11884
gospel,5489
load,6933
lover,9521
browse,30904
atlantic,13865
wheat,5074
ruby,17263
rental,9115
ran,5118
tory,17515
scientist,5984
sheep,14725
kitten,5462
interesting,23572
reading,55845
patient,18078
narrative,8002
answer,17625
dark,78471
management,57152
chateau,5193
defamation,6862
closer,5559
jimmy,22641
puzzle,6630
amber,55507
corps,29887
wealth,17772
dissident,5333
audio,21568
library,60165
talking,81955
doe,7201
morocco,9379
barton,5738
carpet,21296
mal,5443
deal,34326
translation,9724
safe,30853
olive,11487
deer,7622
feminism,56620
knowledge,24761
tibet,5503
seminar,9869
grant,18944
waste,23693
opposition,9681
rare,12402
comment,230144
ha,5127
teeth,11945
annual,30109
aka,10045
issue,20203
ear,9633
bread,16203
aging,110325
disclosure,24393
student,56758
sin,52211
toy,13430
coolness,44566
citizen,23675
context,6326
food,191176
fortune,9192
closed,10059
chick,12298
timothy,9958
collapse,6446
eagle,7747
edh,9628
expression,36176
complaint,12982
filling,5466
cox,13438
computer,30037
pattern,17078
remember,12039
residential,24355
warning,26043
curriculum,5219
shed,7923
spending,14178
limit,5946
ending,6953
advertise,94873
acceptance,5256
costa,12783
camera,18806
grandma,6744
cube,9747
fish,27261
debt,55169
rabies,7243
paranoia,6038
regional,25159
hide,9327
marc,26455
punishment,9838
meaning,8726
censorship,66085
autophagy,26861
mutual,8041
somewhere,6415
global,88020
ideal,7629
stand,26035
person,17019
cozy,9182
triangle,9802
appointment,8030
snake,5318
amazing,21675
media,141334
challenge,43954
es,14387
daybreak,48739
un,31727
detailed,5223
set,36470
group,123906
active,11025
finder,34546
shopping,39729
quiz,20273
opinion,38528
equipment,10119
discover,7791
fight,29895
brains,6160
came,10785
summer,127090
chapman,5249
corporal,6956
advisor,7758
outdoor,15523
used,18675
hidden,64925
feel,13862
baseball,13838
collar,9830
founding,6598
slate,8999
cause,30073
expect,11194
tanner,7801
tammy,14047
chemical,19247
romantic,8365
daughter,12834
harbor,5740
dogs,61480
parliament,16622
plum,5004
glorious,5963
links,165920
grief,7660
digitalize,11413
hub,11484
jacket,7464
mouse,13748
way,65739
violent,8469
recount,5782
edition,31077
sold,5817
partnership,11970
perspective,22252
ana,8902
part,81253
five,43669
end,69023
bender,5148
tomato,5677
declaration,10787
threat,13332
next,85027
phospho,26860
novel,8711
lewis,28927
female,24951
pond,8034
illustration,8992
generic,11725
force,29100
cowboy,6144
turns,12712
stranger,5919
clock,13242
ruth,18692
yellow,18032
counting,13510
fundamental,6922
contraception,5459
agriculture,65214
dash,15709
excuse,5963
healing,9965
femininity,45002
connection,66131
brand,24635
turned,5687
spencer,14565
empowerment,5275
human,72847
trillion,7261
sex,63940
sawyer,5464
treaty,8030
dog,92888
russia,31409
fury,10283
nutrition,40954
bakery,6713
employed,5843
mary,51810
executive,24301
cheap,20733
tale,18127
tech,47616
furry,5521
pronunciation,46001
expansion,6666
bell,16782
trip,60326
peter,74396
iceland,6768
zip,9218
arthritis,7921
project,132468
type,10051
retail,17339
shall,7628
smell,5114
capitalism,24227
deb,7286
term,20013
noble,9801
habit,10987
profile,215935
president,49751
silent,9845
stitch,6936
currency,14629
vet,14882
united,81808
neutrality,10516
cart,35293
downtown,7630
glasses,6675
declare,5244
blowing,6437
coloring,8095
heller,8332
convention,21123
walt,6416
unwritten,44344
voice,42330
path,15570
collected,5612
accident,11921
prairie,8036
valley,35131
failure,26557
sheet,11622
advisory,12876
posting,7493
listing,11890
raising,14400
theme,59762
baron,7385
watch,106081
core,12546
movement,27553
homelessness,6610
alternative,31732
aphorism,44129
bin,10650
g,543972
laden,6454
era,15783
pillow,7555
tony,35396
geographic,12801
collie,6567
glory,7299
hunger,71910
took,6553
trash,9132
question,32417
decoration,5481
bishop,16189
peak,16959
marry,5639
select,11539
parade,11236
turning,10582
august,315427
nights,7889
letter,46416
bike,11629
show,136136
crazy,28974
weight,15842
stern,6265
via,31165
wi,7374
weber,8643
daisy,16465
tower,12504
redux,5940
journal,83994
goods,12560
warfare,7020
route,5093
corruption,20096
operating,5600
fiscal,17704
bent,5549
carbon,16784
litter,5187
gap,16172
empire,17359
debate,79042
discrimination,12418
joy,27630
levy,6998
classes,9218
sacred,11343
gypsy,9264
mad,25270
screen,9727
finance,90696
schedule,76363
deflation,8018
cool,48157
witness,6758
marginal,11023
slide,6713
window,18266
giveaway,23931
batman,6165
sanctuary,9532
border,21479
lee,41426
team,97166
river,29474
chance,13865
van,33978
make,86742
creepy,48337
airport,12734
redwood,7541
scoop,11728
fund,40101
veterinary,13446
song,36020
country,59889
internal,8338
prize,19191
mick,11260
equality,26769
functional,28911
agreement,21829
floor,16892
illness,10433
upon,19262
employment,30407
forecasting,5229
since,17971
hunt,38824
useful,38270
emcee,7522
attorney,38012
boxing,8019
maxwell,6126
geography,6321
leading,12926
gulf,8625
republican,23848
ecology,6046
tuition,15447
celebration,8409
rational,8763
public,187027
announce,9401
wiener,5077
voting,28598
solstice,5101
trader,5216
tolerance,8269
crush,6544
heresy,10915
hi,15675
assets,6372
stately,44249
tribune,14550
sixty,7037
discipline,7002
base,15836
garden,46769
contact,256819
bicycle,7992
behaviour,9168
example,7805
bobby,16263
report,146935
nick,32300
choose,14481
eclipse,5393
saloon,6053
club,135744
boomer,5793
plan,61199
isolation,24336
elaine,11571
hair,28049
notebook,16657
avenue,10789
friend,36521
wright,26536
ad,45598
suite,5156
gift,38038
entertainment,104150
immunity,5325
hear,16181
pyramid,5661
training,61419
review,150363
crusader,7547
extension,6362
fuel,14789
accessibility,5392
immigration,40591
crash,15714
coop,5935
trick,10042
around,47497
unconjugated,26859
taxing,7164
worse,9167
ferret,6744
wisdom,20133
soapbox,6471
unity,7602
squad,8174
disclaimer,11622
definitive,6293
tribe,8834
mustard,5036
felt,5073
making,86566
council,53583
cruel,5636
pink,43483
leadership,21044
wildlife,14745
becoming,12642
reach,8623
custom,41194
lesson,12882
ambulance,5967
coup,7717
mental,25297
market,88461
weekend,37024
honey,13453
heel,5281
accent,5200
luck,7150
beta,7256
rural,12471
scam,23724
ring,15232
lo,8515
benedict,9640
cotton,13759
direct,17498
midnight,8966
real,111479
disobedience,6878
sis,7972
clark,24235
revolution,32527
slightly,5464
secular,8590
architect,48857
um,8106
vehicle,10722
whites,5072
regime,9056
shoe,7114
brett,7379
swap,6874
kind,26678
gray,19988
jam,7889
mel,15775
petit,9320
trivia,6822
heart,52578
progress,39170
specific,7224
liability,9777
alcohol,17330
nomination,5659
monopoly,10161
security,87185
maria,26386
award,39087
developmental,29083
tropical,9523
ranked,6774
architecture,18198
outrage,7799
without,41181
mash,7122
style,79959
hatred,6227
pregnant,5400
everyday,39669
herd,8578
billy,21863
unless,7061
choosing,25083
entity,5380
cuisine,5982
tweet,47818
register,55834
directory,57802
classroom,7221
valentine,7854
tough,10704
pug,6670
ferry,5089
offer,14635
cut,20863
feast,6181
treatment,15851
welfare,27713
dilemma,6545
musical,13238
yorker,5038
monkey,15153
yard,13358
showing,5905
condominium,5369
good,146539
heritage,23463
guilty,20335
hospitality,19770
seeing,14111
lower,10875
holt,9643
historical,21414
incident,5708
smoke,6837
pot,9661
sense,36381
globe,12098
bullet,5074
entertaining,26967
rule,33900
written,12497
towards,8984
crowd,5673
transcript,9606
salon,12664
allow,6904
gains,6565
center,182602
distribution,7996
injury,11752
viking,6418
revival,5859
lose,24548
hanging,6449
shark,7428
sent,8244
potato,8108
beef,6400
autonomous,10263
charter,15953
breath,9988
kent,17481
much,41369
marathon,12595
clown,11360
conversation,62028
protein,36608
hut,7002
overseas,7526
psychology,14115
amendment,18440
enemy,5598
role,17364
open,97674
longer,17320
pi,9065
sterling,8342
efficiency,6929
friendship,10160
really,56111
cardigan,5901
para,21775
masculinity,46129
linked,6596
earl,5536
chile,15165
cathedral,6987
racism,21306
nation,82418
dispatch,6420
painted,9673
frugal,8383
suspect,5268
lazy,13637
plastic,9226
palmer,12799
else,9119
saved,16805
theology,6457
heather,26020
obedience,16008
doll,7868
call,57061
failing,6755
cat,49319
drake,6821
baker,20623
petition,12457
science,175682
stitcher,6221
observation,5099
expert,15810
bag,25382
us,303407
available,23437
reserve,17946
visual,15342
affair,5886
loan,11651
weapon,5193
killing,14673
isle,8865
broken,16339
autism,11517
randy,11955
analytics,9070
clothes,12433
jasper,7856
ahoy,11730
holocaust,8680
mountain,30198
special,71224
cycling,7033
coin,5083
lady,39951
feeding,8608
sewing,11172
former,22054
brew,5992
dollar,24008
iron,20140
egg,11060
general,91090
circuit,9672
factory,15942
support,111024
teach,11507
carter,19713
horizon,10538
noise,10308
yesterday,8448
reveal,7424
facing,11192
sake,6049
hike,17037
badge,13363
juice,6640
send,20521
destruction,9809
sal,10186
mayor,11777
commonwealth,9818
known,12865
corrupt,8515
strategic,13348
spot,17667
romance,12464
acorn,10120
postal,6040
bite,13821
manning,10771
boredom,46035
doctor,25813
penalty,15291
resistance,19445
hand,27815
mess,19172
fitness,16178
peroxidase,26859
stick,9788
dining,12927
direction,8803
drawing,8006
x,137823
uncle,8175
crochet,7139
text,66027
reply,11793
tea,45604
liberal,32380
interpretation,8006
renew,27240
scene,9072
wake,13756
friendly,13973
bliss,16002
information,101993
note,22688
ethnic,6446
blue,85207
scheme,19790
easy,31797
finally,18941
mum,6204
version,18184
matter,29135
diabetes,16142
f,384676
addict,7497
honest,15011
breakfast,22013
milo,6794
higher,21864
outreach,8187
painting,12617
license,28154
knew,5323
attempt,6815
sergeant,5129
clint,14293
till,6057
hosting,6895
anterior,6634
improvement,10526
tu,11445
met,13645
thrifty,6952
preparation,10609
utopia,5593
raised,6169
solo,10489
hot,118342
shield,8174
guide,88629
arms,13559
parker,22344
hour,27070
beautiful,36295
potter,13551
vestibular,6230
jury,20095
gal,6059
jack,56670
suicide,25505
troy,8419
rubbish,7349
saunders,5671
range,11339
framework,10590
nasty,7018
wrote,8140
hillbilly,6021
speed,17703
scrapbook,5372
technology,117719
rough,7771
restaurant,15484
magical,5482
mix,12641
maverick,7029
powerful,7685
wonderful,9363
line,42490
famous,20381
ambush,9213
burt,6062
tate,7692
commons,39658
couch,5465
trump,60847
fixing,8181
barefoot,7108
ace,8395
donna,16844
sale,49199
proof,14377
dragon,12326
proposal,11278
different,23946
sandwich,6541
kirk,21335
head,39566
cooking,21247
laura,28693
headline,6828
evening,11277
happen,7652
crew,10793
goat,32094
colors,10160
purebred,7761
invisible,9300
atomic,7311
beast,9768
upwards,7803
enforcement,15761
flood,10856
sexual,22448
sugar,23560
love,114440
swimming,8232
holding,13666
banking,21945
material,12152
jazz,12480
idol,5631
scope,6978
pursuit,5497
sierra,11524
discovery,13062
constitutional,18230
coupon,60617
perfectly,5104
money,111674
democrat,12407
prep,5491
asylum,9224
june,317428
strange,66958
consent,7145
disability,13160
ivory,6936
transport,21727
nursery,6926
freedom,102741
anxiety,14501
month,36274
percent,7777
cap,11227
ensign,5523
patel,6414
complete,168353
las,24279
zimbabwe,7707
come,43429
premiere,6750
consulting,12610
recap,6441
government,135277
socialism,16856
domestic,26169
natural,40897
calculated,7786
swine,12413
leader,13456
obituary,7530
griffin,16984
violet,5046
desert,14573
days,67256
small,134754
german,31754
crime,50333
subscribe,67834
balance,20857
vanity,6766
ashes,6865
aim,11631
snow,31105
b,504112
release,27078
peg,5946
election,104237
confidence,7522
ask,74463
slater,7692
victor,15115
jar,6786
behavioral,5208
stuff,54889
poem,10772
commodity,7814
hat,12966
wheeler,15174
chairman,5213
incredible,8771
duck,16080
nut,8139
community,155108
jenny,14085
thread,19848
dale,11396
st,25605
principal,7736
gender,76724
jo,15325
duke,11546
brown,56274
casino,53859
operation,17657
parenthood,9424
entire,7809
academy,20052
religion,96330
cover,29566
know,75121
script,9575
controversy,7267
da,29676
terrorist,11333
radar,58485
thrift,6982
grateful,5314
loud,5616
boiling,6115
log,90300
retention,5364
delusion,8309
roger,45426
leash,5202
last,142418
well,38992
yummy,5332
hook,9343
dream,35979
perfect,25607
vegetarian,5353
handmade,14562
tsunami,7083
sanity,7913
cricket,7630
today,134348
cooling,7628
badger,5231
twitter,351662
awesome,12051
recruiting,7891
hearing,15997
conflict,25657
holiday,101666
ladies,8359
draw,7879
excess,5639
opera,7683
metropolitan,6601
store,45128
bark,12389
patrol,7549
blunt,6939
perry,26772
baking,9013
wind,27793
bill,97017
donate,43843
prisoner,6729
goose,5189
newsletter,35597
square,27103
sixteen,5129
captain,20823
rich,23843
technical,40280
disclose,7233
agent,21961
rhetoric,8621
speech,84955
chester,6216
stockman,7202
cal,8021
music,128658
paco,7854
plate,9772
sentinel,6441
warrior,11560
constantly,5658
stimulus,7692
print,63223
lock,8017
ethics,28292
estate,57702
harper,5582
photography,45952
fuller,7320
leaf,5791
guerrilla,5042
nearly,7776
quilt,8644
net,29925
steady,7069
cooper,22244
always,30134
tucker,16844
alto,5281
ship,7582
yoga,9322
road,55851
account,44970
went,17136
cattle,6908
intelligent,10124
tag,41759
libel,7556
photo,63760
dumb,14398
career,57081
one,155598
vision,18619
limited,15231
scrap,6494
banana,10939
rest,18940
funky,5507
antitrust,5258
dodd,9204
graduate,12225
think,49105
obscurity,6760
tomorrow,21056
action,58763
birthday,44341
racial,53261
pit,13786
nationwide,9356
blocking,9148
persecution,6036
lite,6030
smith,59412
finland,10088
suspended,13441
owner,12748
twin,6339
soda,6626
surprise,9477
murder,27431
door,28495
destination,25639
browser,10694
constitution,26538
nowhere,5464
scholarship,5754
hop,12703
corker,5689
elephant,18378
traveling,12223
arc,7438
sexology,6357
torsion,5788
beware,6774
due,14790
price,49095
eared,7559
pseudonymity,44126
diva,8803
bonus,7418
formula,10992
molly,15647
suit,8991
connect,9136
crap,12528
keynote,7111
hank,11971
go,100792
telling,7511
genius,10755
sword,5256
wide,9836
investment,26634
coffee,35473
visiting,6907
cloud,21840
company,96905
robin,21615
cruelty,5930
sell,14195
ditch,8949
rosemary,5478
alkaline,27171
inquiry,27658
ocean,62614
fox,52765
conversion,9044
blood,35986
birth,18423
lawsuit,21528
station,27538
bang,10636
mae,7480
rex,9989
antarctica,5279
among,13187
scissors,5925
get,141360
bottle,9404
sorry,6277
gadget,5026
hollow,8765
oracle,5564
baby,59768
anna,29594
chow,9407
wages,10758
occupation,6300
mi,23541
return,24941
tragedy,10288
index,31641
whatever,7836
fire,46292
tyranny,6247
pope,21996
nest,16464
able,5830
law,175442
stupid,22877
porter,7846
pew,7126
administration,19264
publisher,5191
waiting,10878
individual,8550
guild,8144
want,52629
caught,14357
year,89214
see,83553
eye,48148
lynch,27310
gang,9576
take,83656
tour,87218
hire,6009
port,11495
canal,5979
reputation,8243
frame,8650
tops,5173
ray,26408
arcade,23874
extra,12867
attention,52333
corgi,6909
crow,11465
punk,7124
world,164573
vote,42491
pop,32123
jess,6611
closet,13240
pear,6213
bleeding,5913
say,57026
communication,25612
deficit,10671
stream,8386
still,65256
south,74278
insanity,10298
degree,5571
riding,6430
help,118011
fist,7514
clinical,7959
task,11477
living,175210
breeder,10956
smart,37997
riverside,7448
tourist,5380
walking,19610
area,37971
back,117488
compass,7385
act,70306
drive,23545
w,388646
age,50450
butter,9591
incorrect,5468
soon,13959
dolly,5989
legacy,29126
successful,6636
beck,23754
salad,19639
moody,6377
laid,6825
champagne,6990
central,46264
exchange,38251
bloody,10178
tree,30690
buddy,13424
subject,9492
behind,32291
cannot,10419
poodle,6707
printable,10893
jade,6860
den,16993
scandal,20868
use,132468
racist,8940
assault,12189
flores,5370
kindle,12184
close,18582
put,17721
non,16687
corporation,13220
contribute,46862
catch,14257
ready,24853
fed,11383
inside,35291
production,15660
article,51453
wang,5195
seek,6790
score,8304
peanut,8851
sue,20254
tin,5649
job,82926
disorder,7330
astute,7143
anniversary,21993
wife,26208
future,64201
thriving,5536
faith,30628
dialogue,7362
nonsense,11190
scholar,9636
wrap,5188
apartment,12654
pregnancy,13723
revenant,11380
bacon,8651
gill,5310
dissent,6918
porcelain,5948
complex,14461
unemployment,42374
tenet,7323
sport,16125
al,56538
literary,12374
literature,49567
greater,10863
hip,21557
thanksgiving,19971
traditional,10387
con,22727
pool,12076
fired,10023
kos,17142
trinity,7198
uncategorized,22057
wireless,7251
follow,82076
fluorescein,26861
hayward,5898
bull,22116
neighborhood,16465
grass,10796
vogue,5319
conservation,12699
protection,61416
slavery,10069
counsel,23724
clear,63004
contract,21134
clinic,10769
enjoying,5033
luna,7815
random,38524
justice,72345
moon,33743
talk,74423
foot,15493
jump,7891
date,20732
inspiration,57951
judicial,11443
pick,12796
mumbling,9515
julio,6007
truly,5282
tobacco,9687
wellington,5907
presentation,8697
newt,13588
florence,5054
dressing,7888
working,66404
ordinary,13701
list,81427
manager,13537
seem,47500
conspiracy,73621
laughing,8073
child,39705
evidence,25849
dell,6086
fall,35865
poppy,11695
sir,14340
lest,6000
university,65984
kingdom,34813
rob,25582
li,5069
fry,8006
performance,35813
civic,8469
simple,47461
integration,7451
fantasy,13355
place,60838
credit,41089
man,132616
bluebird,5976
ginger,15663
phoenix,16351
click,83529
collection,43028
comprehensive,9749
stuck,6207
evil,22184
create,55794
concept,8354
maybe,11815
yahoo,16074
evaluation,9419
dirty,76218
sexy,7704
target,18907
understand,8656
original,28677
local,138557
policeman,5250
primary,47951
reduced,6717
inner,12968
education,147943
clarity,5267
volunteer,38429
terry,22180
stem,40553
ban,24176
rain,17340
lemon,12815
cardinal,5067
adventure,27828
familiar,8527
cult,13461
menu,7822
bankruptcy,10678
protest,14718
academic,11962
virus,6945
carnival,9214
clean,22823
control,86661
week,88995
accounting,11427
worst,15608
transduction,26865
killer,13585
intelligence,22981
politician,12653
mortgage,13957
supreme,46931
ley,7555
running,27343
stop,48532
shape,9376
passion,11552
compare,11545
already,25952
author,19400
ranch,14889
selection,16956
champion,10898
root,9142
wondering,5530
hogan,9959
sacrifice,45917
major,23466
ink,13149
epic,11090
doom,6845
told,15977
warren,24119
terrible,9336
light,89781
add,31120
designer,13454
manage,19964
region,10940
inauguration,5836
count,8802
butterfly,8889
growing,24617
name,36624
classical,11621
cognitive,7422
presidential,20962
mighty,7291
latest,44215
tanger,5894
jersey,27252
whose,5019
crane,6352
department,34133
hold,11324
dose,10304
card,59769
jungle,8119
pledge,6506
seeking,7423
raw,16286
skinny,6058
exhibition,6840
federation,13302
hunting,38672
dance,27136
hardware,7225
bug,55887
knitting,8448
ignorance,10448
crown,39457
marketing,41733
sustainable,12964
transfer,10978
pad,5269
cartoon,10457
fast,25553
craft,21477
industry,51950
car,48238
republic,28529
liberation,15115
clive,6496
shepherd,17095
choice,31168
atheism,8507
temple,12517
excellent,10680
balloon,5175
independent,33371
sad,15997
parking,11115
na,11869
doubt,9508
awareness,22595
bow,6804
smile,9176
atelier,6259
newspaper,14895
dictionary,11979
bitter,5975
compliance,7799
ways,48371
blair,26346
chili,5127
rather,10529
chase,13878
genetics,9067
entrepreneurship,5197
short,33949
newton,9012
investigation,17793
farm,45104
hill,47999
cast,8631
getting,57655
maker,8864
liquid,6214
twenty,7428
lunch,17402
obvious,5054
ball,21135
cinema,14858
sports,127655
medical,82993
buck,6769
generation,25289
annoying,6280
social,137830
transformation,8712
zombie,6796
beyond,39218
stack,5445
flow,31333
investigative,7513
court,85526
house,136213
walter,24834
rouge,5162
dysplasia,6702
sheen,5589
toddler,6301
entry,8821
past,71767
rolling,16586
caution,5820
red,105012
spring,51519
association,83414
jeans,6333
frog,14379
witchcraft,46973
forever,10754
dental,15049
mao,5793
insane,8326
plus,28795
essay,11267
player,10014
southern,24224
sclerosis,28599
sage,5178
city,131926
greenhouse,5641
calculator,36373
dynasty,5360
season,29282
gas,30200
progressive,20294
solitaire,21365
correctness,53173
standard,32454
suburban,8753
groovy,5718
emotion,47453
two,94230
grill,9737
please,38591
thatcher,7899
luxury,7792
rufus,5506
service,141156
toxic,5339
bitch,5636
vie,6003
post,370265
barcelona,9320
meat,12099
disaster,23462
rose,40440
erika,5336
scale,6066
lamb,8013
regulation,19431
soft,16609
piracy,8824
lea,5111
civil,62305
rescue,31062
following,10876
madam,6079
grid,6623
calling,19195
possibly,6849
lori,6493
shoot,9131
conglomerate,48190
time,202279
filing,6789
rove,8192
certification,60599
geek,18749
fun,67285
bedroom,12226
rat,6327
unitary,5947
blend,5032
wearing,5993
chalk,5781
subway,5078
fisher,12185
story,81154
hack,11153
generator,5767
neal,9669
bare,9373
dude,14958
society,108347
spectrum,9968
soup,13668
herald,12614
stroke,5795
embarrassment,44338
gone,28903
auto,96270
henry,43254
silly,11010
advocate,18330
drop,12921
shabby,6406
federal,48365
interactive,87323
quarterly,6862
showcase,6667
said,36314
penguin,12922
tiny,17571
congressional,13333
battery,7744
skin,11204
miscellaneous,11386
broadway,5282
harry,37810
rally,14600
majority,6651
gardener,5034
west,64924
collaboration,7075
focus,26896
motherhood,47989
adoption,17713
hedge,14744
room,57107
start,81024
straw,7919
transparency,15423
anarchy,7166
drama,8423
sweet,42958
blitz,51517
along,14422
microbiology,26964
kiwi,5501
bolivia,7429
timber,7152
upper,6066
ass,10051
finished,6057
extended,7765
reader,45578
introduction,16479
nothing,70068
tongued,5192
montana,15695
mint,10849
allan,6165
film,50114
keep,57255
associate,8086
teenage,7669
reason,71090
gratitude,8571
soy,9145
ranting,9587
schneider,6493
damn,7177
compensation,13019
bungalow,6472
bolt,8879
intimidation,5963
waving,7402
spa,6758
ami,5226
wage,12280
funeral,7248
standing,13053
favorite,36322
appearance,7836
ago,12327
begin,7285
lace,8144
rush,23487
benefit,23471
invasion,8932
stolen,10955
angry,26751
false,17726
debacle,8005
farewell,16773
nat,5228
enter,9479
appraisal,5887
elderly,7660
mission,27146
bake,5726
away,29607
watcher,7846
salmon,9450
board,51863
bowl,19917
mansion,7498
survival,57827
effects,15691
burgess,5181
cell,44161
character,7339
pat,24442
thought,36981
squirrel,6959
press,101418
case,74596
prospect,5500
courage,7176
bastard,5760
grammar,10788
mostly,5803
coalition,35305
pension,8866
medication,5608
insurance,72199
customer,19522
reasonable,5003
title,12574
lost,48404
holder,9879
book,139660
fraud,35046
electoral,17120
lion,10114
labor,27074
census,11195
son,15555
delicious,7571
actor,6091
average,13304
golf,68889
lying,61400
sharp,29721
politically,9722
favor,6064
diversity,24137
indigenous,5018
martin,49949
alec,10608
completely,7379
jihad,12849
tasty,8915
people,116834
sort,8871
hyperbole,48219
examining,7353
construction,36255
tommy,9271
near,14790
raid,5305
ya,9415
binary,5295
hit,21287
logos,49745
roof,6732
vine,6005
freeway,5106
activist,9738
hypocrisy,61344
artificial,5426
el,46087
cure,8892
penny,18395
three,61758
candy,16905
wild,36695
bunny,24113
arrogance,6753
exam,21904
coconut,5658
remain,6989
diesel,5006
p,490662
village,26338
patchwork,5542
manor,51735
frost,9003
wood,30176
throwing,5034
lonely,6510
cold,31549
pumpkin,8508
struggle,9648
benjamin,14752
dealing,7850
wing,14962
lodge,5530
objective,5277
princess,18732
web,76939
display,35105
procedure,8466
enjoy,7864
reality,28097
taken,7847
attack,29753
going,66707
coat,10439
porch,11630
sa,7349
shooting,15831
dyke,6008
immunology,27500
map,90928
panel,12112
pain,21591
bulldog,5920
subscription,6830
mode,8979
alliance,38706
proofing,6051
hammer,7643
trek,5674
institutional,7599
married,10618
