blogs.telegraph.co.uk/news/danielhannan/100035319/instead-of-criticising-our-opponents-we-should-offering-something-better/,0,1
art-crime.blogspot.co.uk/2013/10/the-missing-piece-mona-lisa-her-thief.html,0,1
stealherstyle.net/2016/03/14/hayley-williams-red-leopard-overalls/,0,0
stealherstyle.net/emma-roberts/,0,0
stealherstyle.net/acacia-brinley-clark/,0,0
stealherstyle.net/lauren-jauregui/,0,0
stealherstyle.net/zara-larsson/,0,0
stealherstyle.net/zara-larsson/?post_type=hair,0,0
stealherstyle.net/elizabeth-gillies/?post_type=hair,0,0
stealherstyle.net/cara-delevingne/,0,0
stealherstyle.net/piercings/,0,0
stealherstyle.net/sydney-sierota/?post_type=piercings,0,0
stealherstyle.net/sydney-sierota/?post_type=hair,0,0
stealherstyle.net/sydney-sierota/?post_type=makeup,0,0
stealherstyle.net/sydney-sierota/,0,0
stealherstyle.net/2015/05/14/sydney-sierota-star-dress-booties/,0,0
stealherstyle.net/mackenzie-ziegler/,0,0
stealherstyle.net/,0,0
stealherstyle.net/gabriella-demartino/,0,0
stealherstyle.net/rowan-blanchard/,0,0
stealherstyle.net/2016/10/19/rowan-blanchard-ruffled-dress-black-jeans/,0,0
stealherstyle.net/makeup/,0,0
stealherstyle.net/bebe-rexha/,0,0
stealherstyle.net/khloe-kardashian/,0,0
stealherstyle.net/2017/03/21/khloe-kardashian-black-mini-dress-lace-boots/,0,0
stealherstyle.net/hairstyles/,0,0
stealherstyle.net/niykee-heaton/?post_type=hair,0,0
stealherstyle.net/texture/wavy/,0,0
stealherstyle.net/eva-gutowski/?post_type=hair,0,0
stealherstyle.net/karrueche-tran/,0,0
stealherstyle.net/kylie-jenner/,0,0
stealherstyle.net/kourtney-kardashian/,0,0
stealherstyle.net/2017/04/14/kourtney-kardashian-black-suit-patent-pumps/,0,0
stealherstyle.net/jojo-siwa/,0,0
stealherstyle.net/jojo-siwa/?post_type=hair,0,0
stealherstyle.net/iggy-azalea/,0,0
stealherstyle.net/selena-gomez/,0,0
stealherstyle.net/martina-stoessel/,0,0
stealherstyle.net/tattoo/,0,0
stealherstyle.net/tattoos/miley-cyrus-tattoos/,0,0
stealherstyle.net/theme/self-love/,0,0
stealherstyle.net/styles/single-needle/,0,0
news.google.com/news/url?sa=t&amp;fd=R&amp;ct2=uk&amp;usg=AFQjCNGX7PEErFjGn75mLKQMxTWhl_TEaw&amp;clid=c3a7d30bb8a4878e06b80cf16b898331&amp;cid=52779134550529&amp;ei=xMFnV-CtEOLqzAa_joTwCA&amp;url=www.964eagle.co.uk/news/local-news/2017224/two-guildford-rowers-well-underway-training-for-the-rio-2016/,0,1
www.thelookotheirish.com/2012/05/i-didnt-get-job-i-thought-i-might-get.html,0,0
www.thelookotheirish.com/2013/02/,0,0
www.thelookotheirish.com/2012/01/,0,0
www.thelookotheirish.com/2013/04/,0,0
www.thelookotheirish.com/2011/07/,0,0
www.thelookotheirish.com/2011/07/this-weekend.html,0,0
www.thelookotheirish.com/2011/06/teapot-and-thought.html,0,0
www.thelookotheirish.com/2011/06/carosel-are-sorry.html,0,0
www.thelookotheirish.com/2011/06/gemma-hayes-let-it-break.html,0,0
www.thelookotheirish.com/2011/05/this-weekend.html,0,0
www.thelookotheirish.com/2011/05/emma-manley-aw-2011.html,0,0
www.thelookotheirish.com/2011/05/tea-diver.html,0,0
www.thelookotheirish.com/2011/05/bit-lost.html,0,0
www.thelookotheirish.com/2011/05/from-over-here.html,0,0
www.thelookotheirish.com/2011/05/ciara-sidine.html,0,1
www.ehow.co.uk/list_6498221_home-product-assembly-jobs.html,0,1
iwebchk.com/img/reports/icons/s/spammer.theenergyreductionteam.co.uk.png,0,1
jonrogers1963.blogspot.co.uk/2009/06/historic-fourth-term_7.html#links,0,1
opendotdotdot.blogspot.co.uk/2006/10/distributed-energy-generation.html#links,0,1
survivingsafeguarding.co.uk/2015/04/24/surviving-safeguarding-or-there-and-back-again/#comment-1657,0,1
offonatangent.blogspot.com/2010/03/social-media-metrics.html,0,0
offonatangent.blogspot.com/2010/03/sxsw-austin-supermeetup.html,0,0
offonatangent.blogspot.com/2012/03/,0,0
offonatangent.blogspot.com/2003/08/,0,0
offonatangent.blogspot.com/2003/08/apechild.html,0,0
offonatangent.blogspot.com/2003/08/segway-stingman-steals-segway-scooter.html,0,0
offonatangent.blogspot.com/2003/08/medlineplus-drug-information.html,0,0
offonatangent.blogspot.com/2006/,0,0
offonatangent.blogspot.com/2006/12/soldier.html,0,0
offonatangent.blogspot.com/2006/12/15-minutes-of-fame-starring-steve.html,0,0
offonatangent.blogspot.com/2001/12/,0,0
www.nspcc.org.uk/,0,1
www.nyrr.org/races-and-events/2014/2014-scotland-run-10k,0,0
www.tcsnycmarathon.org/,0,0
www.nyrr.org/,0,0
www.marathonfoto.com/,0,1
www.couporando.co.uk/flowers-and-gifts,0,1
jacothenorth.net/blog/tag/janice-williams/,0,0
jacothenorth.net/blog/tag/halina-ashley/,0,0
syniadau--buildinganindependentwales.blogspot.co.uk/,0,1
findingmykd.blogspot.co.uk/2013/04/,0,1
notasheepmaybeagoat.blogspot.co.uk/search/label/Liberal%20Democrats,0,1
www.pethealthnetwork.com/dog-health/dog-behavior/exercising-your-dog-are-you-ready-%E2%80%9Crally%E2%80%9D,0,0
www.ukcdogs.com/Web.nsf/WebPages/Home,0,1
www.jdjournal.com/2013/06/07/vermont-begins-decriminalizing-possession-of-marijuana/,0,0
www.jdjournal.com/tag/lay-off-staff/,0,0
www.jdjournal.com/tag/business-news-2/,0,0
www.jdjournal.com/tag/the-happy-attorney-2/,0,0
www.jdjournal.com/sitemap_jdjournal/,0,0
www.jdjournal.com/,0,0
www.jdjournal.com/our-sites/,0,0
www.legalauthority.com,1,1
ipkitten.blogspot.co.uk/search?updated-max=2010-06-24T12:14:00%2B01:00&amp;max-results=10,0,1
www.abgent.com/products/AI12585-B4galt3-antibody-C-terminal-region-AI12585,0,0
www.abgent.com/custom-services,0,0
www.abgent.com/quote_for_custom_rabbit_polyclonal_antibody,0,0
www.abgent.com/privacy_policy,0,0
www.abgent.com/quote_for_custom_protein_expression,0,0
www.abgent.com/products/category/Allophycocyanine,0,0
www.abgent.com/products/category/Phospho-Antibodies,0,0
www.abgent.com/products/category/Zebrafish,0,0
www.abgent.com/products/category/Immunology,0,0
www.abgent.com/products/category/Texas-Red,0,0
www.abgent.com/products/category/Infectious-Disease-and-Small-Molecules,0,0
www.abgent.com/feedback,0,0
www.abgent.com/ELITE-Polyclonal-Antibody-Services,0,0
www.abgent.com/ELITE-Custom-Antibody-Services,0,0
www.abgent.com/Antibody-Validation-Services,0,0
www.abgent.com/products/category/Amyotrophic-Lateral-Sclerosis-ALS,0,0
www.abgent.com/products/AP3725a-Cleaved-CASP3-Asp175-Antibody,0,1
www.bbc.co.uk/southyorkshire/content/images/2006/01/20/song_thrush_bob_glover_470x365.jpg,0,1
herestheveg.blogspot.co.uk/2012/12/,0,1
printerpiemaker.blogspot.co.uk/2012/01/weekends-etc.html#links,0,1
nomadseekhome.blogspot.co.uk/search/label/outfit%20post,0,1
weekspopulation.blogspot.co.uk/2011/06/populattions-at-risk-in-china.html,0,1
wmeq.iheart.com/articles/entertainment-news-104658/watch-steven-tyler-records-outgoing-message-12290840/,0,0
wmeq.iheart.com/features/get-the-iheartradio-app-240/,0,0
www.iheart.com/,0,1
themerooms.blogspot.com/search/label/Jeannie,0,0
themerooms.blogspot.com/2014/11/,0,0
themerooms.blogspot.com/2010/06/,0,0
themerooms.blogspot.com/2015/,0,0
themerooms.blogspot.com/2013/09/,0,0
kidsthemebedrooms.com/,0,0
themerooms.blogspot.com/2012/12/travel-theme-decorating-ideas-global.html,0,0
www.eip.com/,1,1
www.dailymail.co.uk/news/article-2241795/A-flying-carpet-giant-gingerbread-house-Londons-department-stores-sparkling-Christmas-window-displays.html#ixzz2NvIbSkGc,0,1
thesteeldaffodil.blogspot.com/2011/05/glamorgan-v-gloucestershire-cardiff.html,0,0
ebay.co.uk/,0,1
althouse.blogspot.com/2016/05/its-nuisance-its-distraction-because-he.html,0,0
althouse.blogspot.com/2014_06_29_archive.html,0,0
althouse.blogspot.com/2014_03_23_archive.html,0,0
althouse.blogspot.com/2014_06_22_archive.html,0,0
althouse.blogspot.com/2017_04_23_archive.html,0,0
althouse.blogspot.com/2014_06_15_archive.html,0,0
www.independent.co.uk/news/world/europe/no-straight-people-allowed-dutch-scheme-for-gay-village-sparks-backlash-9547025.html,0,1
commonsensewonder.blogspot.com/2016/12/for-socialists-everything-is-taxable.html,0,0
commonsensewonder.blogspot.com/2016/12/facebook-what-we-have-here-are.html,0,0
commonsensewonder.blogspot.com/2016/12/will-blago-be-pardoned.html,0,0
commonsensewonder.blogspot.com/2016/12/ivanka-trump-accosted-by-passenger-on.html,0,0
commonsensewonder.blogspot.com/2012/03/,0,0
commonsensewonder.blogspot.com/2014/12/,0,0
i.dailymail.co.uk/i/gif/2014/12/30/a014c1baac5075e0c891ebb7400f497a7572e639.gif,0,1
www.standard.co.uk/news/crime/hunt-for-thug-who-broke-jaw-of-woman-49-in-row-over-parking-a3215846.html,0,1
www.hartofthemunchkinpatch.co.uk/feeds/5535014797771345932/comments/default,0,1
"money.guardian.co.uk/phones/story/0,13283,1585285,00.html",0,1
audionetdesign.com/demos/sad-heart/,0,0
audionetdesign.com/shop/,0,0
audionetdesign.com/about/about-studio/,0,0
audionetdesign.com/16x-sound-patches-for-reveal-sound-spire-synthesizer/,0,0
audionetdesign.com/tag/keyboard/,0,0
audionetdesign.com/tag/virtual-synth/,0,0
audionetdesign.com/tag/info/,0,0
audionetdesign.com/tag/facebook/,0,0
audionetdesign.com/tag/studio/,0,0
audionetdesign.com/tag/samples/,0,0
audionetdesign.com/tag/computer/,0,0
audionetdesign.com/tag/notebook/,0,0
audionetdesign.com/tag/hardware/,0,0
audionetdesign.com/tag/smartphone/,0,0
audionetdesign.com/tag/electricity/,0,0
audionetdesign.com/tag/free/,0,0
audionetdesign.com/tag/software/,0,0
audionetdesign.com/tag/music/,0,0
audionetdesign.com/tag/sounds/,0,0
www.zero-g.co.uk/,0,1
blog.propertyhawk.co.uk/2015/05/durhams-landlord-accreditation-scheme.html,0,1
girlreporter.blogspot.com/2016/01/,0,0
girlreporter.blogspot.com/2012/06/,0,0
girlreporter.blogspot.co.uk/2012/04/game-of-thrones-season-two-recapreview.html,0,1
www.marketpulse.com/20150811/russia-shrinks-4-6-in-q2/,0,0
fca.org.uk/,1,1
www.guardian.co.uk/law/2012/nov/05/family-courts-domestic-violence-victims,0,1
apeidaumregalodonarizagentetrata.blogspot.co.uk/2010/12/arranha-ceus-modernissimos.html,0,1
zelo-street.blogspot.co.uk/2015/10/corbyn-spin-doctor-hypocrisy.html,0,1
smallestminority.blogspot.com/2014/05/i-dont-have-time-it-would-take-to-fisk.html,0,0
smallestminority.blogspot.com/2005/03/what-is-right-revisited-part-i.html,0,0
smallestminority.blogspot.com/2005/03/blinded-by-hate.html,0,0
smallestminority.blogspot.com/2005/03/do-something-even-if-its-wrong.html,0,0
smallestminority.blogspot.com/2005/03/my-condolences.html,0,0
smallestminority.blogspot.com/2005/03/i.html,0,0
smallestminority.blogspot.com/2004/06/violence-and-social-contract-in.html,0,0
smallestminority.blogspot.com/2011/07/tldr.html,0,0
smallestminority.blogspot.com/2011/07/and-now-for-something-completely.html,0,0
smallestminority.blogspot.com/2009/08/why-i-do-this.html,0,0
smallestminority.blogspot.com/2009/08/my-copy-of-mhi-is-here.html,0,0
smallestminority.blogspot.com/2009/10/moneymoneymoneymoney.html,0,0
smallestminority.blogspot.com/2014/12/,0,0
smallestminority.blogspot.com/2014/12/yes-we-on-right-are-monolithic-group-of.html,0,0
smallestminority.blogspot.com/2014/12/layers-of-editorial-oversight.html,0,0
outofoptions.wordpress.com/mentors/,0,1
www.familylore.co.uk/2008/09/courts-not-biased-shock.html?showComment=1222602720000#c5955223711021985103,0,1
jonrogers1963.blogspot.co.uk/2006/12/the-unions-and-labour-chances-of-second.html#links,0,1
www.clicknewz.com/2865/27-create-videos-that-go-viral/,0,0
www.clicknewz.com/,0,0
www.clicknewz.com/14312/we-need-to-talk/,0,0
www.clicknewz.com/14394/easy-animated-graphics/,0,0
www.clicknewz.com/2421/choosing-a-domain-name/,0,0
www.clicknewz.com/14364/get-1000-true-fans/,0,0
