url,true_value
www.cchintegrator.com/modules/transfer-pricing/?utm_source=Website%20Banner&utm_medium=Banner%20ad&utm_content=wkaubanner,0.421875
www.vendhq.com/pos-system-buyers-guide,0.421875
www.st-philips.com/our-people/barristers/andrew-smith-qc/,0.5625
www.facebook.com/CharteredWW/,0.5625
dotmailer-surveys.com/839bh16-e6jgz95,0.75
www.akc.org/clubs/seminars/,1.0
plus.google.com/share?url=whittakerandco.com/forces-personnel-to-support-normandy-70/,0.421875
www.cc-f.com,1.0
www.swaynejohnson.com/profile-listing/sarah-noton-hons-t-e-p-director-solicitor/,1.0
www.carlreader.com/speaking/,0.5625
www.barnesandnoble.com/w/books/1119682595?ean=9781118920336&itm=1&usri=9781118920336,0.75
onward.justia.com/tag/mobile/,0.0
www.taxationweb.co.uk/tax-articles/business-tax/,0.5625
www.thebromleytrust.org.uk/index.php?/trustees/,0.0
ifla.org.uk/arbitrator/michell-potts/,0.421875
www.x-rates.com,0.421875
www.facebook.com/sharer/sharer.php?s=100&p[url]=www.zenlaw.co.uk/standing-medical-negligence-christmas/&p[title]=Standing Up Against Medical Negligence This Christmas,1.0
bdaily.co.uk/advertise/yorkshire,0.5625
www.ef.ru/pg/study-abroad/canada/,0.75
www.peachwilkinson.com/tag/fred-goodwin/,1.0
chrisfaircloth.co.uk/?page_id=16,0.421875
www.lassaccounts.co.uk/distortion-c-27_420.html,1.0
www.sheffieldlawsociety.co.uk/events/sdlschristmasquiz/,1.0
www.thailand-pi.com/bangkok-private-investigator/,0.5625
www.bluewebtemplates.com/website-templates/clearfocus-website-template/,0.5625
archive.org/details/internetarcade,0.5625
www.wagga.nsw.gov.au/city-of-wagga-wagga/community/family-day-care/in-home-care,0.421875
hostpapasupport.com/categories/website-migration/,0.5625
www.riazaccountants.co.uk/international-monetary-fond/#respond,1.0
www.lakshmimach.com/atc/certifications/,1.0
www.6rs.co.uk/portfolio/retromega/,0.5625
www.haworthandlees.com/solicitors-for-dukinfield/,1.0
www.cfrlaw.co.uk/category/articles/charities-social-enterprises/,1.0
quickbooks.intuit.com/r/mobile-and-apps/10-productivity-apps-you-need-to-be-more-effective/,0.0
www.vendhq.com/examples/non-profits-pos,0.421875
posterous.com/share?linkto=https%3A%2F%2Fwww.caryaudio.com%2F2017%2F03%2F20%2Fcalin-enache-customer-review%2F&title=Calin%20Enache%20from%20District%20Sound%20Lab%20Customer%20Review&selection=Calin%20Enache%2C%26nbsp%3Bhead%20engineer%20at%20District%20Sound%20Lab%2C%26nbsp%3Bsent%20us%20a%20fantastic%20review%20of%20our%20SLI-80%20integrated%20amplifier.%26nbsp%3BThank%20you%20for%20your%20support%20and%20for%20being%20part%20of%20the%20Cary%20Audio%20Family%21%0D%0A%0D%0A%0D%0A%0D%0A%22My%20name%20is%20Calin%20and%20I%20am%20the%20head%20engine,1.0
www.jefferies-solicitors.com/media-centre/articles/rock-music-cause-brain-injuries-headbanging/,1.0
endd.org/category/news/,0.0
www.aarphealthcare.com/health-discounts/prescription-discounts.html,0.75
hostpapasupport.com/categories/domains/page/6/,0.0
www.infoserve.com,0.75
altashceconsulting.es/2017/04/06/campana-de-la-renta/,0.5625
www.hps-law.co.uk/guru-course-work-com-scan-first-service-to-buy-college-assignments-promptly-easily/#respond,1.0
www.norden.org,0.5625
realestate.yahoo.co.jp/new/mansion/dtl/00115474/?sc_out=mikle-mansion-new-j,0.421875
dlandroid24.com/games/action/,0.5625
drc.de/content/flat-coated-retriever-kurzbeschreibung,0.5625
www.parentpay.com/parents/what-parentpay-does/school-meals,0.421875
www.hepburndelaney.co.uk/our-services/childrenlaw/adviceforfamilymembers/,1.0
www.linkedin.com/nhome/,0.75
www.cognique.co.uk/services/website-design-development/,0.5625
www.youtube.com/watch?v=75X_26TsENQ,0.75
www.google.com/calendar/about/,0.421875
nlauk.wordpress.com/category/finance/,0.5625
www.peridot-tax.com/?tag=commute,1.0
www.worldsheepdogtrials.org/,0.5625
wecreate.digital/website-design/,0.0
www.facebook.com/sharer.php?u=whittakerandco.com/tax-year-06042012-05042013/,0.421875
www.lakshmimach.com/machine-tools/lmw-care/customer-portal/,1.0
www.freshfield.com/services/freshfield-video/,0.421875
twitter.com/intent/favorite?tweet_id=866276821423337473,0.421875
www.doc-safe.co.uk/servlet/com.scl.horus?service=calculators&function=loan,0.5625
www.igotahorse.com/SALE-T,0.421875
dinozoom.com/orangejuice-free-wordpress-theme/,0.421875
www.travel-solutions.co.uk/uk-air-family-fun-tours,0.421875
baxterscanada.ca/index.php/ou-acheter/?lang=fr,0.5625
www.auckland.ac.nz/en/admin/quick-links/accommodation.html,0.421875
www.gov.uk/guidance/venture-capital-schemes-apply-to-use-social-investment-tax-relief,0.5625
youradchoices.ca/how-companies-can-participate/,0.0
www.schumanaccountancy.co.uk/Privacy,1.0
www.facebook.com/sharer/sharer.php?s=100&p[url]=www.zenlaw.co.uk/bus-accident-compensation-claims/&p[title]=Bus Accident Compensation Claims,1.0
hypedmarketing.co.uk/influencer-marketing-who-matters-for-your-local-biz/,0.5625
dinozoom.com/cosmos-free-wordpress-theme/,0.5625
www.whitingandpartners.co.uk/case-studies/business-stationery-disclosures/,0.421875
www.facebook.com/hashtag/humanrights?source=feed_text&story_id=1316438535085442,0.75
www.martynprowel.co.uk/news/20-years-in-business/,1.0
www.ilminstertownfc.co.uk/teams/97877/player/sam-rowswell-1798945,0.5625
www.amcremovalsltd.co.uk/quality-standards/b.a.r/,0.5625
www.dbslaw.co.uk/dbs-law-launch-new-chinese-desk-service/,1.0
www.prisonersadvice.org.uk/information/pas-in-the-media/,1.0
www.pinsentmasons.com/en/people/partnersconsultants/tom-stocker/,0.421875
1.bp.blogspot.com/-QRjnXj3sk-s/U5BcECUQpDI/AAAAAAAAAGo/5FhtrZVQiRA/s1600/image001.gif,0.5625
en-gb.facebook.com/MRazaAccountants/,0.75
www.akc.org/content/dog-shows/articles/diving-dogs-set-new-world-records/,1.0
www.akc.org/about/chairmans-report/,1.0
www.linkedin.com/shareArticle?mini=true&url=http%3A%2F%2Fwww.4alaw.com%2Fus-immigration%2F&title=US%20Immigration,1.0
zh-cn.facebook.com/klasikthemes/,0.421875
www.thecuriousdogshop.co.uk/personalised/pet-memorials.html,0.421875
www.forbes-young.com/a-contractor-doesn%e2%80%99t-change-a-light-bulb-%e2%80%93-they-project-manage-it/,1.0
renessansgallery.com/diclofenac-tramadol-zusammen,0.75
www.mason-williams.co.uk/case-studies/polaris-world/,1.0
www.mcafeesecure.com/RatingVerify?ref=www.elegantthemes.com,0.0
www.philomena-accounts.co.uk,1.0
www.nyfa.edu/amsterdam/,0.5625
www.deleso.co.uk/recruitment-consultants-or-recruiters-worldwide-change-peoples-lives-2-2-2/#comments,1.0
www.ksl.edu.np/files/download/4e945c6d4a2fccf,0.0
www.seatons.co.uk/legal-services/accident-claims/accident-at-work-kettering/,1.0
www.skorline.men/nike-air-max-grossist/air-max-2017-löpning/billiga-air-max-2017-herr/billiga-air-max-2017-herr-nike-air-max-2017-försäljningsmål-nike-airmax-170-tl-releasedatum-av-2017-nike-air-max.html,0.5625
dlwordpress.com/wordpress-themes/nonprofit/page/10/,0.0
www.psprintdirect.co.uk/clientarea.php,0.5625
newmarts.com/product/hedgehogs-multicolor,0.5625
twitter.com/GothamNotting,0.75
www.legacywills.co.uk/tag/lorem1/,0.75
www.internetconsultancy.pro/web-hosting/,0.75
www.bluehost.com/programs,0.5625
dlandroid24.com/fingerbord-android-game/,0.5625
www.capitalwebmarketing.co.uk/california-state-bakersfield-roadrunners-c-5_439.html,0.0
www.jordanstrustcompany.cn/director-services,0.75
www.monbs.com/telephone-us0274/,0.5625
www.walesonline.co.uk/whats-on/family-kids-news/notes-left-fairies-give-you-13001966#comments-section,0.0
www.mobilediscos.expertsz.co.uk/sedgley.php,0.421875
www.devereux-hunt.co.uk/who-we-are,1.0
www.nickipaddy.co.uk/2014/05/,1.0
blogs.accaglobal.com/tag/risk-2/,0.5625
www.scottish-enterprise.com/services/attract-investment/financial-readiness-support/overview,0.5625
www.d2l.com/resources/videos/harriet-tubman-public-school/,1.0
www.brandinteriors.co.uk/kitchen-and-dining/chairs,0.5625
mcclearyaccountants.com/index.php/2013/04/,0.75
ihs.uberflip.com/h/c/321084-airports-commercial-aviation,0.421875
www.lassaccounts.co.uk/anti-hero-c-1_119.html,1.0
onlinecasino61.com.au/blackjack/blackjack-online/,0.5625
www.legislation.gov.uk/ukpga/1985/57/contents,0.75
covictim.org/articles/,0.5625
www.ihertfordshire.co.uk/profile/29595/St-Albans/Alan-Durant/,0.5625
www.amyerson.com/team/seraphina-santangeli-head/,1.0
www.flexiblebenefits.coop/our-benefitsorig/car-parking/,0.421875
www.hlegal.co.uk/2014/12/10/bring-your-own-device-byod-to-work-what-does-this-mean-for-employers/#more-1082,1.0
www.umbrellalegal.co.uk/our-people/,1.0
www.ihertfordshire.co.uk/local/public-houses-bars-and-inns/Hatfield/,0.5625
www.hbbs.co.uk/?option=com_service&func=details&id=12,1.0
www.aarp.org/espanol/dinero/estafas-y-fraudes/info-11-2011/Trivia-de-estafas-y-fraudes.html,1.0
incompliancemag.com/topics/testing/,0.421875
www.basenjirescue.org/,0.75
www.inhouselawyer.co.uk/index.php/subscribe-to-the-in-house-lawyer/,0.421875
www.usembassy.gov/sudan/,0.5625
survey.dwp.gov.uk//index.php?sid=84112&lang=en,0.421875
viewer.zmags.com/publication/45e11be3,0.75
amygdala.uk.com/testimonial/diabetes-evaluation-tool/,0.421875
www.ignitesocialmedia.com/conferences/reputation-monitoring-for-large-brands/,0.421875
business.yell.com/social-media-advertising/?utm_source=yell-blog&utm_medium=footerlink&utm_campaign=blog-footer-social,0.421875
apps.facebook.com/rednosemakeover/,0.5625
www.taxationweb.co.uk/forum/post191069.html?sid=4b6e046e3ba2465863c4d7fbdb2ba035#p191069,0.0
ifla.org.uk/arbitrator/pauline-purcell/,0.421875
www.akc.org/apps/clubs/search/index.cfm?action=national&display=on,1.0
wallet.google.com/?tab=8a,0.421875
wpcafe.org/category/hacks/,0.421875
www.beaconfinancialtraining.co.uk/sitemap_index.xml,0.0
www.crushdigital.co.uk/tag/speed-load/,0.421875
www.cattlecouncil.com.au/events/australian-institute-of-company-directors-course,0.5625
www.facebook.com/sharer/sharer.php?u=www.everymanlegal.com/2017/05/mind-gap-motivating-team-achieve-goals/,0.5625
www.dartnelllynnltd.co.uk/simplified-expenses-vehicles/?share=google-plus-1,1.0
www.serve.com/atm,0.5625
cms01.initial-website.com/app/409458895/1267924604/,0.75
hrnews.co.uk/event/mums-london-birmingham-next-shoot-moon-flexible-work-business-opportunites/,0.5625
my.ef.com/,0.5625
www.aarp.org/giving-back/?intcmp=FTR-LINKS-ACT-VLNTEER-EWHERE,1.0
wbdsgn.be/free-google-sites-templates/admire/,0.5625
"patft.uspto.gov/netacgi/nph-Parser?Sect1=PTO1&Sect2=HITOFF&d=PALL&p=1&u=%2Fnetahtml%2FPTO%2Fsrchnum.htm&r=1&f=G&l=50&s1=5,507,014.PN.&OS=PN/5,507,014&RS=PN/5,507,014",0.75
gamerepublic.net/the-network/,0.0
dobermann.de/termine/kategorie/zuchtschauen/cacib-zuchtschauen/,0.5625
conference.cpanel.com,0.421875
englishlive.ef.com/blog/meet-ambassadors/,0.0
www.haworthandlees.com/sporting-injury-claims/,1.0
onlinecasino61.com.au/games/high-limit-baccarat/,0.5625
cupissletterpress.co.uk/happy-new-year/,0.5625
www.mneaccounting.co.uk/contact-us/,1.0
www.arroha.com/bookings,0.0
proconnect.intuit.com/proseries/faqs-basic/,0.75
www.adviceuk.org.uk/immigration-nationality-advice/,0.0
www.kingshillservices.co.uk/tag/builder/,1.0
www.sensorycreative.com.au/projects-page/,0.0
www.seatons.co.uk/legal-services/family-law/what-are-my-property-rights-on-divorce/,1.0
www.wyeuskfoundation.org/fishing/booking_office/,0.0
twitter.com/intent/retweet?tweet_id=741020148660854784,0.75
www.fairtrials.org/arrested-abroad/arrested-in/arrested-in-the-netherlands/,1.0
www.acumar.org/apps/calendar/,1.0
www.ihertfordshire.co.uk/local/french-polishing/,0.421875
www.maxmakers.com/management/,1.0
"www.google.com/maps/place/SurveyMonkey/@53.3319369,-6.23102,17z/data=!3m1!4b1!4m2!3m1!1s0x48670ec1c5a5c36d:0xbe7fb0d0e1c06fd8",0.421875
www.facebook.com/sharer.php?u=www.mulderrigs.co.uk/casestudies/accident-at-work-rossendale/,1.0
www.facebook.com/sharer.php?u=dlwordpress.com/?p=1892,0.421875
tallships.org/sail-with-us/groups/,0.5625
www.oecd.org/tax/treaties/multilateral-convention-to-implement-tax-treaty-related-measures-to-prevent-beps.htm,0.421875
blog.turbotax.intuit.com/tag/fafsa/,0.75
www.1st-groupcompanies.com/,0.75
www.magicalkenya.com/what-to-do/entertainment-and-nightlife/,0.0
bristolfilmstudios.com/portfolio/nhs/,0.421875
www.gumtree.com,0.5625
www.lassaccounts.co.uk/the-north-face-c-34_637.html,1.0
www.sktthemes.net/product-category/corporate-wordpress-themes/,0.421875
www.linkedin.com/shareArticle?mini=true&url=whittakerandco.com/tigers-prove-fearsome-partners-latvia/,0.421875
blog.turbotax.intuit.com/tax-news/happy-repeal-day-18459/,0.75
www.swaynejohnson.com/profile-listing/yvonne-hughes-solicitor/,1.0
www.uhy-uk.com/news-events/news/imminent-closure-of-liechtenstein-disclosure-facility-could-leave-the-confused-out-in-the-cold/,0.421875
www.mfwads.com,1.0
wp-puzzle.com/checkout?edd_action=add_to_cart&download_id=2141&edd_options[price_id]=0,0.421875
twitter.com/share?text=%27The+more+people+feel+included+in+the+process%2C+the+more+they+feel+a+sense+of+attachment+to+what+you%27re+creating.%27&url=www.tracx.com/resources/blog/earned-social-media-key-to-killer-marketing/,1.0
www.thaisummitlaw.com/?page_id=19,0.5625
www.rajkamalprakashan.com/default/valentine-baba-coming-soon,0.0
onebasemedia.co.uk/business-card-design-essex/,0.421875
www.matthewshanton.co.uk/client-services/,1.0
www.ross-brooke.co.uk/2017/01/,1.0
bale.com.sg/customer/account/,0.5625
www.al-maha.com/?EM=LC_3081_TRIADVISOR_BUSINESSLISTING_DXB_ME_EAME#home,0.0
barn2.co.uk/live-chat-wordpress-plugins/?replytocom=1548#respond,0.5625
www.facebook.com/WeDOScotland,0.5625
www.ilaw.co.uk/hello-world/#comment-1,1.0
www.sew.org.uk/corres/index.cfm,0.0
www.linkedin.com/shareArticle?trk=SEO+Training+and+Coaching&url=https%3A%2F%2Fwww.web-savvy-marketing.com%2Fstore%2Fseo-training%2F,0.421875
twitter.com/intent/favorite?tweet_id=875338310247305218,0.5625
kingsoffice.nectere.co.uk/easyorder.b2c/index?b2c=K76,0.421875
www.anvoxalarm.com/index.asp,0.5625
www.sage.ie/software-and-services/payments/sage-pay-phone-payments/pricing,0.5625
www.oswalds.co.uk/,0.75
www.murgitroyd.com/sectors/business-financial-services/financial-services/,1.0
www.cricketdealdirect.co.uk/,0.421875
blogs.office.com/page/3/,0.421875
www.rec.uk.com/news-and-policy/policy-and-campaigns/manifesto-for-jobs,0.5625
www.marksandspencer.com/l/men/mens-suits/big-and-tall,0.0
kluwermediationblog.com/category/judges-as-mediators/,0.421875
copyrite-talk.blogspot.com/2016/02/,0.5625
www.capitalwebmarketing.co.uk/appalachian-state-mountaineers-c-5_409.html,0.0
ifla.org.uk/arbitrator/nadia-beckett/,0.5625
twitter.com/v_gregory,0.5625
http:{{ appConfig.getResourceUrl('akcUrl') }}/content/dog-training/basics/,0.75
www.keaconsultants.com/team/edmund-thomson-jones/,1.0
blog.lesroches.edu/student-life/the-best-things-about-my-first-week/#respond,0.75
www.stackandjones.co.uk/contact-us/,1.0
www.vejaandco.com/pi-firms-warned-off-medical-cases/,1.0
twitter.com/42solutions/statuses/811882797774336001,0.421875
cms10.website-start.de/app/336334961/1148250/,0.75
www.ksl.edu.np/anutarit,0.0
www.truste.org/ivalidate.php?ctv_group=IntuitSMB&companyName=Intuit&sealid=101,0.5625
onenucleus.wordpress.com/2016/12/07/unlocking-the-power-of-genomics/?share=linkedin,0.0
www.discoverpenrith.co.uk/latest-news/penrith-bid-agm,0.5625
www.ihertfordshire.co.uk/local/cafes-snack-bars-and-tea-rooms/Hitchin/,0.5625
www.forgeonline.co.nz/portfolio/amped4ski/,0.5625
www.ihertfordshire.co.uk/local/food-processing-equipment-and-supplies/,0.421875
www.gov.uk/government/collections/business-e-services#portal,0.5625
pensiuni365.ro/alli-120-mg.html,0.75
www.bbc.co.uk/help/web/links/,0.5625
www.casinogamesonnet.com/?list=language-繁體中文-casino,0.421875
wbdsgn.be/,0.5625
www.hifistatement.net/,0.5625
www.boxhill.edu.au/our-courses/scholarships/wesley-stonehouse-internship-vietnam/,0.421875
www.armidaleregional.nsw.gov.au/living-here/your-neighbourhood/nature-strips,0.421875
hundar.skk.se/tavlingslicens/,0.5625
communities.lawsociety.org.uk/family/about-us/meet-the-family-section-advisory-group/,0.5625
www.akc.org/events/open-show/match-open/,1.0
www.chameleonwebservices.co.uk/business-seo/,0.5625
www.yourfbs.co.uk/where-have-my-customers-gone/#comments,1.0
www.aarpinternational.org/?intcmp=HP-AARPINTL-ENGONLY-FTR-ES,0.75
instagram.com/google/,0.421875
www.sentralsystems.com/Supermicro-SuperServers-5U,0.5625
www.personneltoday.com/hr/does-a-new-tribunal-decision-mean-expired-warnings-are-past-their-use-by-date/,0.0
www.applemanlegal.com,1.0
blog.aarp.org/2017/02/08/age-rating-is-washington-speak-for-overcharging-older-americans/,0.5625
www.ihertfordshire.co.uk/profile/185367/Barnet/Bairstow-Eves/#map,0.421875
www.outletrunner.us/ua-nmd,0.5625
forums.moneysavingexpert.com/showthread.html?t=2119259,0.5625
www.shipleys.com/services/private-clients,1.0
www.moneysavingexpert.com/phones/0870-say-no,0.5625
plus.google.com/share?url=www.simplesharebuttons.com,0.421875
wordpressinside.ru/woocommerce/cartpage/,0.421875
mcclearyaccountants.com/index.php/2013/02/,0.75
www.sentralsystems.com/g250-s88-hpc-server-8-x-gpgpu-card-slots-,0.5625
www.moneysavingexpert.com/site/job-vacancies-and-interns,0.5625
seo-website-checker.chameleonwebservices.co.uk/web/bucketofgoods.com,0.0
www.angleritech.com/portfolio-items/jinkorp-2/,0.421875
blog.turbotax.intuit.com/tax-planning-2/bitcoins-the-taxless-currency-7115/,0.75
www.cfrlaw.co.uk/2015/11/05/employment-managing-long-term-absence-pack-launch/,1.0
blog.canvas-events.co.uk/tag/modern/,0.0
www.creditbankofiraq.com/,0.75
gesab.com/control-rooms-and-command-centers/for-ipad/igesab-for-ipad/,0.421875
dinozoom.com/glade-free-wordpress-theme/,0.421875
en.wikipedia.org/wiki/Payment_Card_Industry_Data_Security_Standard,0.421875
ams-neve.com/timeline-right-sidebar/,0.421875
id-id.facebook.com/Boddy-Matthews-Solicitors-353919498113296/timeline/,0.421875
www.murgitroyd.com/sectors/engineering/,1.0
de-de.facebook.com/bigpixelcreative/,0.421875
www.kashflow.com/about/our-customers/andrew-scowcroft/,0.5625
www.prettyklicks.com/blog/category/news/,0.421875
www.taxfs.co.uk/s/cc_images/cache_2415400374.jpg?t=1335018458,1.0
www.boxhill.edu.au/courses/certificate-iii-in-animal-studies-cas33-d/,0.421875
aurotone.com/showreel/toyota-prius/,0.421875
www.walesonline.co.uk/news/politics/?pageNumber=1,0.421875
www.clicky.co.uk/work/indigo-awnings/,0.5625
blogs.accaglobal.com/tag/chief-financial-officer/,0.5625
www.ehsolicitors.co.uk/author/ian/page/3/,1.0
www.forgeonline.co.nz/portfolio/dominion-panel-paint/,0.5625
www.btmrlimited.co.uk/what-do-you-need/bookkeeping-&-accounting,1.0
www.antibioticresearch.org.uk/tag/elections/,0.5625
www.jefferies-solicitors.com/media-centre/articles/asbestos-campaign-british-lung-foundation/,1.0
www.whatsapp.com/download/,0.421875
copyrite-talk.blogspot.com/search/label/video,0.5625
2017.europe.wordcamp.org,0.5625
mail-wind.com/,0.421875
www.facebook.com/pages/Jervis-Partners/475779265881223,0.75
www.wrap.org.uk/,0.75
www.iie.uk.com/news/addo-food-group-reduce-annual-travel-emissions-40/,0.421875
facebook.com/themeisle,0.421875
http:{{ appConfig.getResourceUrl('akcUrl') }}/dog-owners/training/canine-good-citizen/,0.75
thejusticegap.com/category/featured/,0.0
www.egrasbyassociates-lu7.co.uk,1.0
communities.lawsociety.org.uk/property/about-us/meet-the-property-section-committee/,0.5625
copyrite-talk.blogspot.com/search/label/Nuance,0.5625
web.archive.org/web/20140625045235/twitter.com/intent/tweet?in_reply_to=476341201130762240,0.5625
simplepixels.com.au/wagga-businesses-trust-simple-pixels-look-things-web/,0.0
twitter.com/TotstoTravel,0.421875
www.dlr.de/dlr/desktopdefault.aspx/tabid-10424,0.0
dinozoom.com/educationblog-free-wordpress-theme/,0.5625
twitter.com/intent/tweet?text=Voisen+%E2%80%93+WooCommerce+Responsive+Fashion+Theme&url=dlwordpress.com/?p=4094,0.421875
taxprocenter.proconnect.intuit.com/tax-law-and-news/the-intuit-tax-and-financial-center-is-talking-tax/,0.421875
plus.google.com/u/0/+lanyonbowdler,0.75
bol.bna.com/author/bloomberg-bna/,0.421875
www.ihertfordshire.co.uk/local/carpets-and-rugs-retail/Hitchin/,0.421875
www.mass.org.uk/news-press/mass-blogs-2/mass-blogged-2014/reforms-sake/,0.0
www.pagelines.com/product-tag/dms/,0.5625
www.iie.uk.com/green-directory/prince-energy/,0.421875
domdavis.com/tag/osx/,0.5625
www.walesonline.co.uk/news/world-news/man-claiming-oldest-person-world-12970698,0.421875
twitter.com/share?url=whittakerandco.com/rental-income-lee-stephens-shed-some-light-on-this/&text=Rental+Income+%E2%80%93+Lee+Stephens+shed+some+light+on+this+,0.5625
www.dcemploymentsolicitors.co.uk/news/tag/employment-law-update/,1.0
www.theguardian.com/small-business-network/2015/dec/01/capital-allowances-business-tax-reliefs,0.75
www.qubicnetwork.com/who-we-are/key-people/nick-stormont/,0.5625
www.kbsa.org.uk/inspiration/kitchen/range-cookers/,0.5625
www.pathlegal.in/lcm/legalcasemanagementsoftware.php,0.421875
pic.twitter.com/578BXK1X9i,0.75
www.accountancyage.com/category/technology/page/3/,0.0
www.morganhassolicitors.co.uk/reducing-delays-in-family-courts/,1.0
www.eleganceweddingcarhire.co.uk,0.5625
demo.accesspressthemes.com/wordpress-plugins/everest-gallery-lite,0.5625
www.billjarvisconsultancy.co.uk,1.0
twitter.com/intent/retweet?tweet_id=875643312379641856,0.5625
www.liverpoolecho.co.uk/all-about/baltic-triangle,0.5625
www.digitalatrium.in/im_blog/business-development-effective-blog-writing/,0.5625
www.facebook.com/sharer.php?u=www.mulderrigs.co.uk/services/accident-at-work/,1.0
www.ihertfordshire.co.uk/local/security-services/,0.5625
my.studiopress.com/documentation/snippets/admin-management/,0.421875
www.feefo.com/feefo/viewvendor.jsp?logon=www.carshop.co.uk/Carshop&mode=Service,0.0
www.boxhill.edu.au/for-students/campus-information/campus-security/,0.421875
www.facebook.com/dialog/share?app_id=1456581574643028&display=popup&href=https%3A%2F%2Fwww.tribeuk.co.uk%2Fwork%2Fmicrolise%2F,0.5625
trial.employmenttribunals.service.gov.uk/apply,0.75
iccwbo.org/about-us/who-we-are/,0.5625
www.lesroches.edu/about/les-roches-switzerland/the-school,1.0
www.silvermarbles.co.uk/project/homer-brothers/,0.5625
thenextweb.com/topic/youtube/,0.421875
events.drupal.org/vienna2017/team,0.0
refreshinglawltd.co.uk/2014/11/holiday-pay-overtime/,0.421875
www.rla.org.uk/landlord/courses/online-training.shtml?ref=mobilenav,0.421875
tallships.org/events/rolex-fastnet-campaign-2017-1/,0.421875
websiteni.com/investni-clients/,0.5625
domdavis.com/2013/02/18/sleep-sort/?share=linkedin,0.421875
viewer.zmags.com/publication/9d3fe2fd,0.75
www.thecrowgroup.com/Products_Systems/intrusion_detectors/mr_series/,1.0
www.d2l.com/en-eu/products/video-note/,1.0
www.epo.org/law-practice/unitary/unitary-patent.html,0.5625
poolemoto.co.uk/417-stein,0.0
www.mbie.govt.nz/about/who-we-are/our-partners,0.5625
walkit.com/walking-to-work/,0.5625
jobs.telegraph.co.uk,0.0
www.inishowenhomes.com/features/wet-bar/,1.0
www.xcelwebdesign.co.uk/lawson-property-maintainence-website/,0.421875
www.grineaux.co.uk/testimonial/d-a-winsbury-walkhigh-mountaineering/,1.0
www.harbourfamilylaw.co.uk/services/,1.0
www.otoneaudio.com/press/,0.421875
www.ihertfordshire.co.uk/local/plumbers/St-Albans/,0.0
twitter.com/#!/SEEnewsandinfo,0.421875
zh-cn.facebook.com/AlconEyeCare/,0.5625
www.katharinemossconsulting.co.uk/,1.0
communities.lawsociety.org.uk/feeds/news-and-updates/10177.rss,0.421875
www.youtube.com/user/ENAVchannel,0.421875
www.channel5.com/accessibility,0.421875
blog.lesroches.edu/academic-life/les-roches-faculty-bring-industry-experience-classroom/,0.75
abovethelaw.com/advertising/,0.421875
www.hps-law.co.uk/deciding-upon-painless-systems-in-pay-homework/,1.0
www.bromleycourthotel.co.uk/events/list/,0.421875
www.birchwoodhighland.org.uk,0.5625
www.oldmillgroup.co.uk/news/article/guest-spot-andy-sadler-synergy-vets-antibiotics-21st-century/,0.421875
www.richardpriceaccountancy.co.uk/category/landlords/,1.0
www.web-savvy-marketing.com/topic/blog-comments/,0.421875
www.d2l.com/blog/4-lessons-higher-education-can-learn-ecommerce/,1.0
www.jkuat.ac.ke/botanical-garden/,0.5625
www.facebook.com/op2mise/?fref=ts,0.5625
www.baratozapatos.cn/air-max-2016,0.5625
www.plummo.com/plummo-web-site,0.421875
www.incisivemedia.com/accreditations,0.421875
fishdeliveryliverpool.co.uk/,0.5625
www.thailand-pi.com/faq/,0.5625
l.facebook.com/l.php?u=http%3A%2F%2Fmomentsapp.com%2F&h=ATOQgPTRFGl0g0rzxickwgs6exNS0vH5t0SKyAcW4fu2MUsqggGdD2qg0lPRshupeU6vRIgIQ7WrQSWjic6Q06Vkn7AGoTa8U7_eFH1oRyBjISqRnsZc1eDBZHCcddcH2KgFI_F_cIXZFznK&s=1,0.5625
www.iwillsolicitors.com/about-us/our-people/simon-northcott/,0.5625
twitter.com/share?text=SunMoon%20Food&url=http%3A%2F%2Fwww.sunmoonfood.com&via=,1.0
www.eastmidlandsbusinesslink.co.uk/mag/ooo/nottingham-employment-law-firm-launches-maternity-leave-campaign/,0.5625
pwluk.com/en/product-category/clothing/,0.0
quickbooks.intuit.com/accountants/?s_cid=Intuit.com&s_ev1=Intuit.com_Footer_QBAccountants,0.75
appfinder.brightspace.com/app-details/?appId=55c8e482e4b0a4d28fe2a4f7,0.5625
www.salamimmigration.co.uk/tier-2-general-uk-work-permit/,1.0
mcclearyaccountants.com/index.php/tag/evasion/,0.5625
www.quantex-arc.com/single-use-pump/consumer-industrial/,1.0
www.dartnelllynnltd.co.uk/how-much-salary-how-much-dividends-single-directorshareholder-limited-companies/?share=google-plus-1,1.0
twitter.com/Mrsgillscakes,0.5625
extensions.joomla.org/extensions/extension/photos-a-images/galleries/sigplus,0.421875
www.menzieslaw.co.uk/april-changes-reminder,1.0
twitter.com/barkbox/status/856282641322184704,0.75
www.creativesteambristol.co.uk/portfolio/griffin-technology-wordpress-website-design/,0.5625
dlwordpress.com/mapsvg-responsive-vector-maps-floorplans-interactive-svg-images-plugin/,0.421875
www.accountancyage.com/aa/news/1767236/new-tax-investigators#comment,0.421875
www.arkadia.com.mt/a-must-have-for-your-kitchen-this-christmas/?share=google-plus-1,1.0
www.olliers.com/our-lawyers/carter-mark/,1.0
themeforest.unitedthemes.com/wpversions/delaware/portfolio/portfolio-3-columns/,0.0
www.cambridgeshirechamber.co.uk/index.php?pageid=56,0.0
travel.state.gov/passport/passport_1738.html,0.5625
www.bbc.co.uk/iplayer/categories/comedy,0.5625
blog.id.com.au/2015/population/demographic-trends/depicting-demographic-and-migration-trends-in-art/#comments,0.421875
ghtltd.com/projects/national-geographic-society-headquarters/,0.5625
www.teammargot.com/gallery-2/,0.5625
www.euromatec.be,0.75
www.nresult.com/contact-us/,0.421875
www.gothamnottinghill.com,1.0
www.nvidia.co.uk/buy/embedded/jetson-tx1-dev-kit/,0.0
www.menzieslaw.co.uk/tag/investigations/,1.0
dinozoom.com/picochic-free-wordpress-theme/,0.421875
www.celestejewellery.in/,0.421875
login.bmo.my/padm/,0.5625
www.andyballard.org/What_The_Clients_Say,1.0
tractusdesign.uk/about/web-design-ecommerce-graphics-cradley-heath/,0.421875
www.onesourcelogin.com/,0.421875
web.archive.org/web/20140625045235/www.twitter.com/DBricelandBetts,0.5625
www.hps-law.co.uk/where-to-find-your-appreciation-loaded-the/#more-526,1.0
hareandco.co.uk/services/,0.75
www.canvas-events.co.uk/events/christmas-party,0.421875
advertising.nzme.co.nz/news/the-northern-advocate/,0.421875
kluwermediationblog.com/2016/10/05/making-mediation-sexy/,0.5625
wp-puzzle.com/comment-images-reloaded/,0.421875
mediatemple.net/blog/tips/,0.5625
delfin.dodaj.wroclaw.pl/219/odzywki/,0.75
github.com/videojs/video.js/pull/3304,0.421875
cms11.website-start.de/app/626891914/912639/,0.75
www.newnham-jordan.co.uk/what-our-clients-say/,1.0
floors.milliken.com/product-catalog/en-us/search-results?region=Americas&sortbydate=false&market=Contract&zerobasedstartindex=0&catalog=Luxury%20Vinyl%20Tile,0.5625
www.bloodhound-club.org/club-show-schoeningen-2016/2016_schoeningen_meldeschein/,0.5625
www.keyholecreativemedia.com/case-studies/,0.5625
hclc.org.uk/our-board,0.75
austin360-secure.pointslocal.com/new-create,0.5625
www.usvisasolutions.co.uk/update-same-sex-marriage-us-immigration-law/,1.0
www.6rs.co.uk/all-aboard-the-print-wagon/#respond,0.421875
www.prowpthemes.net/beard-trimmer-review-how-to-choose-the-best-one/,0.5625
www.veenas.com/checkout/cart/,0.421875
www.unitedemploymentlawyers.co.uk/firms/tc-young,0.421875
pinterest.com/pin/create/button/?url=http%3A%2F%2Fblog.lesroches.edu%2Fstudent-life%2Farriving-les-roches%2F&media=blog.lesroches.edu/wp-content/uploads/plane-take-off.jpg&description=Arriving to Les Roches !!,0.5625
www.youtube.com/channel/UCNWgFRL7CWSHjTSTOGNJerg,0.421875
bluephoenixdesign.com/beautiful-light/?share=tumblr,0.0
www.sage.es/soluciones-para-tu-negocio/pequena-empresa,0.5625
newspix.nzherald.co.nz/results.asp?gallery=business,0.421875
ineedmoney.copycashvalve.com/i-need-money,0.75
www.sage.com.pl/informacje-dla-uzytkownikow/aktualnosci/e_kontrole_skarbowe,0.5625
plus.google.com/115995105609774588517/,0.421875
blog.turbotax.intuit.com/tax-deductions-and-credits-2/family/who-qualifies-as-a-dependent-on-your-tax-return-15403/?replytocom=214327#respond,0.75
about.bgov.com/?utm_source=bloomberg-menu&utm_medium=terminal,0.421875
www.alistairbooth.co.uk/?author=1,0.421875
www.downs-syndrome.org.uk/news/information-round-up-june-2017/,0.421875
www.questus.com.au,1.0
www.seatons.co.uk/tag/free-will-download/,1.0
www.ilaw.co.uk/2010/08/,1.0
www.marketclash.co.uk/category/sales/,0.5625
sites.google.com/site/ivcservicesgbbo00/system/app/pages/reportAbuse,0.75
twitter.com/KeltieIreland,0.5625
www.cimpa.com/,0.421875
www.greenaccountancy.com/tax-news/hmrc-digital-personal-tax-account/#post_comments,1.0
www.facebook.com/sharer/sharer.php?u=https%3A//www.thebraintumourcharity.org/media-centre/news/,0.0
bestfirms.staffingindustry.com/,0.421875
www.ihertfordshire.co.uk/profile/244836/St-Albans/Fitness-First/#map,0.421875
wordpressnull.net/,0.0
pinterest.com/pin/create/button/?url=http%3A%2F%2Fwww.accountree.com.au%2Fhello-world%2F&description=Hello%20world%21&media=,1.0
www.uhy-uk.com/uhy-people/laurence-sacker/,0.421875
warriorsinpink.ford.com/,0.5625
www.sprintinternetservices.co.uk/home/about-sprint-internet-services/,0.5625
dinozoom.com/capricorn-free-wordpress-theme/,0.421875
youradchoices.ca/fr/,0.0
www.hps-law.co.uk/conceptual-framework-thesis-on-topessayhelper-com/#respond,1.0
plus.google.com/+MadisonsolutionsCoUk/about,0.421875
twitter.com/intent/tweet?text=Assurance%20and%20Advisory&url=https%3A%2F%2Fwww.meer-co.com%2Fassurance-and-advisory%2F&,1.0
www.fairtrials.org/fair-trials-participation-in-the-18th-eu-ngo-human-rights-forum-on-torture/,1.0
ifla.org.uk/arbitrator/karen-dovaston/,0.421875
www.prisonersadvice.org.uk/download/894/,1.0
www.jura.uni-saarland.de/2009/12/,0.5625
www.homes-express.com/,0.75
500.spearswms.com/home-search?category_2016_form=46&submit=Search,0.5625
www.nco.ncep.noaa.gov/sdb/,0.5625
www.jasonmgibbs.co.uk/tag/sci-fi/,0.5625
www.hull2017.co.uk/tag/?tag=somewhere-becoming-sea,0.421875
www.jdoqocy.com/click-7788856-12187490,0.421875
instagram.com/financial_planning/,0.5625
www.studiopress.com/what-support-includes/,0.421875
ipaddress.com/email-tools/,0.75
www.thomasguise.co.uk/client-testimonials/family-law/,1.0
pinterest.com/pin/create/button/?url=http%3A%2F%2Fblog.lesroches.edu%2Falumni%2Falumni-interview-seraina-stadelmann-on-why-great-healthcare-needs-hospitality%2F&media=blog.lesroches.edu/wp-content/uploads/DDD_3158.jpg&description=Alumni Interview:  Seraina Stadelmann on Why Great Healthcare Needs Hospitality,0.5625
www.linkedin.com/company/integro-accounting-ltd,0.75
www.orange.nsw.gov.au/site/index.cfm?display=147105,0.0
www.puretechltd.com/,0.421875
www.francisdavies.com/s/cc_images/teaserbox_47646978.jpg?t=1490792754,1.0
idt.uab.cat/index.php/contact/,0.421875
ascroft.jonathanlowe.co.uk/about-us/department-heads/,0.5625
uk.linkedin.com/in/sallytackas/en,0.75
www.financialdirector.co.uk/category/corporate-tax/,0.421875
www.datatecuk.com/xnet1/network-sites.htm,0.421875
www.gsdca.org,0.75
blog.aarp.org/2016/09/08/looking-for-work-attend-aarps-virtual-career-fair/#livefyre-comments,0.5625
www.nopanic.org.uk/symptom-checker/,0.421875
austinkemp.co.uk/legal-library/dealing-with-the-media-and-the-press/im-worried-that-the-press-will-attend-my-court-hearings-are-they-able-to-do-that/,0.5625
www.acumar.org/acceptable-use-policy,1.0
akcwinners.com/results/,0.75
facebook.com/258326537679380,0.5625
www.gov.uk/government/publications/right-to-rent-landlords-code-of-practice,0.75
www.meer-co.com/news-and-updates/page/20/,1.0
www.akc.org/dog-breeds/scottish-deerhound/,1.0
www.facebook.com/118675528181716/photos/a.200625519986716.43065.118675528181716/1144342112281714/?type=3,0.5625
100.bima.co.uk,0.421875
www.tpa-global.com/dv/page18677/newsletters,1.0
cms10.website-start.de/app/30093789/1159526/,0.75
www.diageo.com/,0.421875
wordpress.org/support/topic/915953,0.421875
www.haroldstock.com/news/tigers-new-coats/,1.0
www.hindlecampbell.co.uk/business-and-corporate-law/business-disputes/debt-collection/,0.5625
dlwordpress.com/divi-wordpress-theme-elegantthemes/?replytocom=1019#respond,0.5625
states.aarp.org/region/nebraska/category/caregiving-2/,0.0
www.yourgiftbasket.co.uk/,0.421875
www.angloinfo.com/cookies,0.0
webarchive.nationalarchives.gov.uk/20081105144502/www.berr.gov.uk/,0.421875
www.reeds.co.uk/staff/zara-walker/,1.0
id-id.facebook.com/groups/WPPuzzle/,0.421875
www.royalgreenwich.gov.uk,0.5625
www.tricapital.co.uk/category/board/,0.421875
www.mittenclarke.co.uk/blog/travel-and-subsistence-for-directors-and-employees/#comments,1.0
www.plexuslaw.co.uk,0.5625
www.leonardocompany.com/calendario-finanziario1,0.0
canadianava.org/privacy-policy/,0.5625
viewer.zmags.com/publication/d41bcb3c,0.75
www.sortingoutseparation.org.uk/children-parenting/parenting-after-separation/coping-single-parent/,0.421875
1app.planningportal.co.uk/Form/StartPlanningApplication,0.5625
discover.ft.com/mailshare?part=https%3A//enterprise.ft.com/en-gb/services/group-subscriptions/&title=Group%20Subscriptions,0.0
alumni.lesroches.edu,0.5625
www.ihertfordshire.co.uk/profile/547835/Watford/Subway/,0.421875
www.roxburghmilkins.com/latest/blog-articles/better-hospitals-schools-and-offices-faster-and-cheaper,1.0
www.dcemploymentsolicitors.co.uk/news/tag/gender-pay-regulations/,1.0
ebdgroup.knect365.com/bioeurope-spring,0.421875
www.wheelbase.co.uk/bikes-frames/brands/yeti.html,0.421875
www.infolegal.co.uk/wp-content/uploads/2015/02/devices2j-300x137.gif,1.0
financialplanning.org.uk/fellowship,0.5625
mobile.1und1.de/tarife-fuer-junge-leute,0.421875
www.canterbury.ac.nz/ucme/,0.421875
www.kashflow.com/kashflow-payroll-terms-conditions/,0.421875
refreshinglawltd.co.uk/employee,0.75
www.canvas-events.co.uk/wishlists/mywishlist,0.421875
www.georgesons.co.uk/buying-property/,1.0
www.hlegal.co.uk/2013/01/16/the-retail-crisis-what-is-administration/,1.0
www.meer-co.com/vat-flat-rate-scheme-limited-cost-trader/,1.0
tastydigital.com,0.5625
www.ehsolicitors.co.uk/fixed-fee-conveyancing/,1.0
www.ihertfordshire.co.uk/local/double-glazing-installers/,0.0
payroll.intuit.com/additional-services/1099/efile-1099/?xcid=seq_intuit_proll_click_prod_atoz,0.75
www.hiseman.com/sheffieldgiants/,0.421875
states.aarp.org/region/north-dakota/,0.75
digg.com/submit?url=http%3A%2F%2Fwww.burtonbeavan.co.uk%2Fwhy-me%2F&title=Why+me+%E2%80%93+a+look+at+the+informant%E2%80%99s+role+in+HMRC+investigations,1.0
www.carve-design.co.uk/portfolio/stoughton-grange/,0.5625
communities.lawsociety.org.uk/13611.more,0.421875
www.bls.gov/news.release/empsit.toc.htm,0.5625
www.jcwillsandprobate.co.uk/cookie-policy/,1.0
www.eshotthall.co.uk/,0.421875
www.whitingandpartners.co.uk/audit/,0.5625
blog.lesroches.edu/student-life/the-beginning-of-les-roches-wine-club/#respond,0.75
tristarwebsolutions.co.uk/2016/05/,0.421875
www.wishingtreenursery.com/babies-and-toddlers/what-else-have-the-romans-ever-done-for-us/,0.0
www.davidsbrown.com/ufood-grill-opens-first-maryland-location-metro-centre-owings-mills/,1.0
matierenews.com/qihba/trusted-rx-place/,0.75
www.hosting-review.com/hosting-directory/editors_review/hostpapa-ca,0.421875
www.menzieslaw.co.uk/what-we-do/law-for-employers/,1.0
www.panopto.com,0.421875
raratheme.com/wordpress-themes/mugu-pro/,0.0
www.akc.org/dog_shows_trials/titles/dock_diving/index.cfm,1.0
twitter.com/share?text=Buttons%20Animated%20Background%20%E2%80%93%20Tutorial&url=https%3A%2F%2Fmusefree.com%2Fadobe-muse-buttons-animated-background%2F&via=AdobeMuseFree,0.421875
news.ecko.com/news/manny-santiago-pound-pound-2-rematch/,0.5625
www.sierra-leone.org/,0.5625
armstrongs-accountancy.co.uk/uncategorized/what-happens-if-you-cant-pay-your-tax-on-time/,0.5625
mark.reevoo.com/retailer/ERN,0.421875
roadthemes.com/installation-service/,0.0
thelincolnite.co.uk/jobs/open-research-fellow/,0.0
www.aquadesigngroup.co.uk/project/jewellery-workshop-repairs-ltd-repair-books,0.5625
www.ctaccounts.co.uk/accounts-preparation,1.0
www.linkedin.com/in/paulburtle,0.0
www.youtube.com/uscis,0.5625
www.dorianssolicitors.com/criminal-injury/,1.0
www.sopra.es,0.421875
www.yellowsands.net/,0.5625
www.ihertfordshire.co.uk/local/electricians-and-electrical-contractors/Radlett/,0.421875
gordonjonesestateagents.co.uk/conveyancing-sales-quote/,0.5625
www.btcsoftware.co.uk/category/btcsoftware-app/,0.5625
www.dmpaccountants.com/7-marketing-mistakes-for-your-small-business-to-avoid/,1.0
l.facebook.com/l.php?u=http%3A%2F%2Fmomentsapp.com%2F&h=ATP4RuxB9y4uEUQfOnWkJPr9YL3xl2PF0cPccW_rUcJlR1n_L2FqY6VZeIDV7Qcp4ouEBhMNMDzfMuGIQawbPUt0hfMjG-OW3vob6oGt18uSO0Pk4BRZjwJ9iKYtkXItpOIhBLJxz3cHt2NsGA&s=1,0.421875
twitter.com/Lincscham,0.5625
www.scarpesito.cn/adidas-ultra-boost-scarpe,0.5625
ghtltd.com/energy-star-portfolio-manager-temporarily-accepting-partial-year-data/,0.421875
www.thecrowgroup.com/Products_Systems/fw_neptune2/fw_neptune2/,1.0
www.xcelwebdesign.co.uk/video-tour-of-grandeur-media-website/#respond,0.421875
www.a4g-llp.co.uk/blogsearch/Tax/,0.421875
www.oxfordshireproject.co.uk/meeting/summertown-oxfordshire-project-meeting-2016-01-08-2016-03-11-2016-04-08-2016-11-11-2016-12-09-2017-02-10-2017-07-14/,0.0
al-amanah.org/get-involved/,0.5625
www.orange.nsw.gov.au/site/index.cfm?display=147107,0.0
www.ihertfordshire.co.uk/local/travel-agents-and-holiday-companies/5/,0.421875
web.archive.org/web/20140625045235/t.co/wPTyJlIHhz,0.5625
www.stringandtins.com/wp-content/themes/kingsize/lib/portfolio/kingsize-portfolio-video.php?id=1133&iframe=true&width=678&height=560,0.0
www.jagdspaniel-klub.de/jagd/,0.0
nifa.co.uk/,0.75
www.pagelines.com/product-tag/scroll/,0.421875
airways.careercentre.net.nz/Job/Index/1769,0.421875
www.iasolution.co.uk/#services,1.0
core.att.org.uk/,0.5625
secure2.convio.net/aarp1/site/Donation2?df_id=8478&8478.donation=form1&cmp=LNK-FDN-RHG12BXXX1,0.75
newsroom.1und1.de/?linkId=ft.nav.presse&ucuoId=PU[AT]lead:vh267std.WH.DE-20170616140322-1B218AE2F003F74CA4AB713BBF6F5075.TCbs7b,0.421875
www.rac.co.uk/insurance/learner-driver-insurance/,0.5625
rrl.nsw.gov.au/portfolio-item/her-mothers-secret/,0.0
bdaily.co.uk/editorial-values,0.5625
www.jbwoodltd.co.uk/key-tax-rates/,1.0
www.cloudbasedaccounting.co.uk/blog/10-essential-business-startup-lessons-that-you-do-not-learn-at-college/#respond,1.0
www.akc.org/news/laurel-highlands-kennel-association-honors-k-9-officer/,1.0
www.sbid.org/event/hispec/,0.421875
bezpeka.com.ua/shop/brand/arny,0.5625
www.acornlearning.co.uk/apprenticeships/employers,0.0
www.personneltoday.com/hr/sports-direct-scrap-zero-hours-contracts-and-six-strikes-policy/,0.421875
www.salesforaccountants.com/category/business-networking/,0.0
www.arkadia.com.mt/thank-you-for-your-support/,1.0
www.freep.com/story/money/business/columnists/carol-cain/2016/03/12/cain-fewer-michigan-women-in-politics/81586424/,0.421875
www.yourfbs.co.uk/is-where-you-are-now-the-best-place-to-start/#comments,1.0
www.twitter.com/wkcdogs,0.5625
seo-website-checker.chameleonwebservices.co.uk/web/doortodoorloansuk.co.uk,0.0
www.gibsonca.co.nz/resources/tax_facts,1.0
blog.turbotax.intuit.com/taxes-101/how-much-is-the-government-making-off-of-alcohol-3418/,0.75
www.simoncoles.co.uk/treasury-coffers-boosted-by-400m-following-hmrc-crackdown/,1.0
crunchwear.com/tag/wave/,0.421875
archive.org/details/911,0.5625
www.ihertfordshire.co.uk/profile/23151/Berkhamsted/The-National-Trust/#map,0.421875
www.cro.ie/Home/Overview,0.5625
www.larking-gowen.co.uk/blog/author/peter_glading/page/4/,1.0
www.needlepartners.com,1.0
junkporters.co.uk/areas-we-cover/nottingham-skip-hire/beeston-skip-hire,0.421875
www.hcegroup.co.uk/about-us/meet-the-team/,1.0
www.alpha-accountants.com/about-us/,1.0
www.nzlii.org/databases.html,0.5625
www.jefferies-solicitors.com/media-centre/news/how-a-brexit-would-affect-your-right-to-claim/,1.0
www.ihertfordshire.co.uk/profile/919972/Sawbridgeworth/Mint-Cafe-Outside-Catering/,0.421875
download.cnet.com/guides/browser/?ftag=DSM-03-10aaa0g,0.421875
www.scarpeadidaszxit.us/index.php?route=information/contact,0.0
www.linkedin.com/company/avant-tecno-uk,0.421875
www.cfrlaw.co.uk/article/enforcement-of-adjudications-under-the-construction-contracts-order/,1.0
truesilver.co.uk/blog/,0.5625
www.chas.org.uk,0.5625
l.facebook.com/l.php?u=http%3A%2F%2Fmomentsapp.com%2F&h=ATOrSVyiBfm_blokmGTGALUgdy_Q2mKWRbkmakx5yq1OPLuigkb47crmTHmN8flkgyRmyob96d_zU1rj1p6D4V_QbZYFCFlyierMH28Pevk1WJyOIQWUg9J7bqLhqOJw6fZ92Xf56qkzZ_uLbMVYMA&s=1,0.421875
seo-website-checker.chameleonwebservices.co.uk/web/totaljobs.com,0.0
blog.lesroches.edu/alumni/yolanda-relief-efforts/,0.5625
www.linkedin.com/company/rade-new-media,0.5625
ja-jp.facebook.com/EMG-Solicitors/,0.5625
www.griffin.law/person/donal-blaney/,0.75
www.walesonline.co.uk/lifestyle/nostalgia/fascinating-pictures-wales-above-show-12737418,0.421875
twitter.com/intent/tweet?text=https%3A%2F%2Fwww.facebook.com%2FWhittakerandco%2Fposts%2F792524127581575,0.5625
www.financeheads.co.uk/business-planning/top-ten-tips-writing-winning-business-plan/,0.421875
windows.microsoft.com/en-US/windows/all-pcs,0.421875
www.readingwithrover.org,0.75
www.stansmithschuhe.men/index.php?route=information/information&information_id=5,0.0
bar.co.uk/home/contact-us/,0.421875
issuu.com/promogiftscatalogues/docs/2016_clothing_catalogue-reduced?e=19406315/33813103,0.0
cx-ph.facebook.com/CenturionLG/,0.5625
14stepcommute.wordpress.com/2015/08/20/a-simple-fix-to-the-do-not-disturb-problem/?share=linkedin,0.0
taxprocenter.proconnect.intuit.com/author/jonbickertontax/,0.5625
www.ihertfordshire.co.uk/local/courier-and-messenger-services/Stevenage/,0.0
www.emmlegal.com/news/key-issues-draft-money-laundering-regulations-2017/,1.0
www.trustforlondon.org.uk/about-us/our-people/?paged=1,0.5625
www.stringandtins.com/earworms-investigating-the-music-in-our-heads/,0.421875
www.ross-brooke.co.uk/vat-blow-small-businesses/,1.0
www.sktthemes.net/forums/view/popular/,0.0
blog.turbotax.intuit.com/tax-tips/who-owns-the-fans-for-footballs-biggest-game-infographic-16204/,0.75
www.google.com/bookmarks/mark?op=edit&bkmk=https%3A%2F%2Fblog.names.co.uk%2F2017%2F05%2Fan-entrepreneurs-journey%2F&title=An%20entrepreneur%E2%80%99s%20journey&annotation=We%27d%20like%20to%20introduce%20one%20of%20our%20customers%3B%20inspirational%20entrepreneur%2C%20Gareth%20Phoenix.%0D%0A%0D%0AHis%20online%20venture%20began%20at%20the%20end%20of%202015%20when%20he%20took%20his%20passion%20for%20fashion%20and%20his%20desire%20to%20build%20a%20family%20business%20to%20the%20next%20level%20and%20launched%20his%20,0.421875
www.sath.nhs.uk/patients-visitors/getting-to-us/car-parking/,0.0
taxprocenter.proconnect.intuit.com/practice-management/going-digital-native-finding-our-future-customers/?share=email,0.0
support.microsoft.com/lifecycle/?p1=15530,0.421875
www.cro.ie/Publications/Publications,0.5625
www.quickbooks.co.uk/small-business/payments/,0.75
plus.google.com/+Curtisgabrielnewcastle,0.5625
www.fairtrials.org/campaigns/eu-defence-rights/get-involved/,1.0
www.pagelines.com/product-tag/boxes/,0.421875
domdavis.com/2013/06/12/new-mac-pro-want-need/,0.421875
www.nutcrackerdesign.co.uk/portfolio-item/peter-sinnott-cms-website/,0.5625
siteorigin.com/add-hero-images-to-your-wordpress-site/?replytocom=104021#respond,0.0
dlwordpress.com/cool-timeline-pro-wordpress-timeline-plugin/,0.421875
www.facebook.com/TexasAgIrrigation/?hc_ref=SEARCH&fref=nf,0.5625
reservations.fourseasons.com/folio-request,0.421875
www.sage.com.pl/sageclub,0.5625
wordpress.org/tags/bluehost,0.421875
www.hethertons.co.uk/news/category/legal-services-for-businesses/,1.0
blog.toolkitwebsites.co.uk/2008/,0.5625
it-it.facebook.com/Allazo-Accounting-and-Consultancy-840591479308951/,0.421875
www.cpaglobal.com/innography-patentscout-law,0.75
www.trustforlondon.org.uk/wp-content/uploads/2013/10/Trust-for-London-Evaluation-Plan.docx,0.5625
newmarts.com?action=yith-woocompare-add-product&id=6922,0.0
themeisle.com/themes/constructzine-construction-wordpress-theme/,0.421875
copyrite-talk.blogspot.com/search/label/Ageas%20Bowl,0.5625
www.btmrlimited.co.uk/news/interest-overcharges/,1.0
profiles.wordpress.org/davidakennedy,0.5625
www.st-philips.com/our-expertise/court-of-protection-and-social-care/property-affairs/,0.5625
www.paramountlegalcosts.co.uk/?m=2015&cat=3,1.0
www.tourismireland.com/,0.5625
www.d2l.com/products/learning-environment/,1.0
azure.microsoft.com/en-us/services/cdn/,0.5625
www.unitedemploymentlawyers.co.uk/firms/sagardoy-abogados-gran-canaria/,0.421875
www.aap.co.nz/shop/Alarm+Systems/Kits.html,0.0
es-la.facebook.com/GeneralDynamicsIT/,0.421875
www.londonbridgehospital.com,0.5625
raptorfpv.com/,0.5625
www.neechamber.co.uk/about/the-chamber-team,0.421875
www.chorusaccounting.co.uk/feedback/,1.0
domdavis.com/2013/02/28/tdd-bdd-and-sonar-or-how-i-learned-to-stop-leaning-on-a-crutch/?share=tumblr,0.421875
www.dartnelllynnltd.co.uk/pension-changes-2015/?share=facebook,1.0
www.gdca.org/before-you-choose.html,0.75
wordpress.org/support/users/kly508/,0.421875
www.carboncreative.net/the-seo-periodic-table/,0.5625
www.obama.org/,0.0
sportinglife.ca/,0.421875
www.web123.com.au/category/blog/upgrades/,0.421875
www.sds-solicitors.com/slips-trips-and-falls/,1.0
www.kmg.co.uk/2012/07/,1.0
techcrunch.com/event-type/crunchies/,0.421875
www.scarpeadidaszxit.us/adidas-original-zx/zx-850-adidas-originals/zx-850-maschi/zx-850-maschi-zx-850-adidas-zenske-patike-2015-adidas-originals-zx-850-ginnastica-in-pelle-donne-2015-stile-adidas-zx-850-grigio-comters-rosso-piumoni.html,0.5625
www.itcontracting.com/category/finances/,0.421875
www.nats.aero/services/airports/digital-remote-towers/,0.421875
id-id.facebook.com/Black-Country-Chamber-of-Commerce-1541066309551500/,0.421875
www.thailand-pi.com/PP-Thailand-PI.com.html,0.5625
www.antibioticresearch.org.uk/introducing-emily-morris-antibiotic-research-uk-ambassador/?share=linkedin,0.421875
digitalnrg.co.uk/,0.421875
advantages.aarp.org/en/offer.ascend-collection.10041.html?intcmp=EWHERE-MBCHAE-DBLIST-ASCEND,0.75
www.linkedin.com/shareArticle?mini=true&url=https%3A%2F%2Fwww.abbotswoodtax.co.uk%2Ftax%2F&title=Tax,1.0
www.hfhr.pl/dzialania/,0.5625
www.efa.org.uk/,0.5625
www.xerox.co.uk/en-gb/services/document-management-solutions,0.0
blog.aarp.org/2015/11/16/why-millennials-return-to-the-nest-they-like-living-with-parents/#livefyre-comments,0.5625
www.camillabaldwin.com/what-we-do/children/,1.0
www.iotconnectshow.com/iot-connect,0.5625
www.seatons.co.uk/category/residential-care-fees/page/2/,1.0
www.sail.co.ug/,0.75
www.garbutt-elliott.co.uk/blog/small-business-scheme/,1.0
www.usvisasolutions.co.uk/category/updates/,1.0
blog.turbotax.intuit.com/income-and-investments/time-is-money-10-things-you-can-do-with-an-extra-hour-for-big-savings-in-the-future-20502/,0.75
newmarts.com?action=yith-woocompare-add-product&id=7542,0.5625
www.sktthemes.net/wordpress-plugins/video-gallery-wordpress-plugins/,0.0
www.akc.org/public_education/resources.cfm?page=5,1.0
www.uhy-uk.com/uhy-people/nigel-courtney/,0.5625
blog.lblaw.co.uk/developers-and-lawyers-discuss-property-market-in-telford/,0.75
www.thomassimpson.co.uk/who-are-we/,0.75
futurebeef.com.au/document-library/cost-effective-multipurpose-self-mustering-enclosures-stock/,0.5625
www.cliftonpf.co.uk/contact/,0.5625
www.livestream.com,0.5625
vimeo.com/channels/greenrock,0.5625
www.financialdirector.co.uk/2017/06/13/a-guide-to-selecting-the-right-business-intelligence-software/#comment,0.5625
www.taxationweb.co.uk/index/articles/page/10,0.5625
blog.turbotax.intuit.com/polls/summer-savings-goal-survey-17439/,0.75
www.wrightvigar.co.uk/services,1.0
bt.custhelp.com/app/chat/contact_chat/queue_id/275/c/1885,0.421875
www.1and1.it/digitalguide/,0.0
www.hay-kilner.co.uk/house-of-lords-report-on-food-farming-and-brexit/,1.0
www.ontario.ca/,0.75
www.wonderplugin.com/wordpress-carousel/examples/wordpress-text-only-carousel-id32/,0.0
www.myob.com/au/accountants-and-partners/partner-program/bookkeepers,0.421875
www.facebook.com/DandGAutocare,0.5625
www.mariafoggfamilylaw.co.uk/about-maria-fogg-and-the-legal-team/,1.0
www.jura.uni-saarland.de/2007/09/,0.5625
www.sky.com/shop/mobile/plans,0.421875
www.st-philips.com/our-people/barristers/joel-wallace/,0.421875
www.storm12.co.uk/blog/marketing/,0.5625
maps.google.com?daddr=Birmingham+B3+3LP,0.75
kennelliit.ee/meist/kennelliidu-juhtimine/uldkoosolek/,0.5625
www.accountancyage.com/business/page/3/,0.0
bit.ly/1hUWhLI,0.421875
www.target100.com.au/Environment,0.5625
prydis.com/prydis-legal/residential-property-and-housing/,0.75
instagram.com/graintraders,0.421875
www.smtmagazine.co.uk/frise-cool-gove-acquires-new-lap-dog-to-have-by-the-short-and-curlies/,0.421875
profiles.wordpress.org/andrewp-2,0.5625
www.newtons.co.uk/services-for-individuals/wills-probate-and-trusts/,1.0
www.nikeflyknit.us/nike-flyknit-air-max-women/nike-flyknit-air-max-2014-womens-black-blue-clearance.html,0.5625
accounts.intuit.com/signin.html?offering_id=Intuit.cto.lc.sbg&redirect_url=https%3A%2F%2Fcommunity.intuit.com%2Fsession%2Facs&persistent_cookie=&locale=en-US,0.5625
www.wearabletechnologyshow.net/applanding/index.html,0.0
www.watbooks.co.uk/casual-heaton-c-5_107.html,1.0
www.aquaidwatercoolers.co.uk/contact/north-west-england,0.5625
www.sage.fr/fr/partenaires-revendeurs/alliances-strategiques/alliances-produit/cemi,0.5625
seo-website-checker.chameleonwebservices.co.uk/web/palaceonwheelstraintourindia.com,0.0
www.ecko.com/news/prince-royce-moneda/,1.0
www.blogger.com/post-edit.g?blogID=1185162940271864829&postID=6143278473423482138&from=pencil,0.5625
jerroms.co.uk/trust-advice/,0.5625
www.iie.uk.com/regions/,0.5625
blog.paifang.co.uk/nominee-services-provide-business-privacy/,0.75
www.angleseyattractions.co.uk/ucheldre-centre,0.0
cxcglobal.com/latinamerica,0.5625
cms11.website-start.de/app/408985116/916798/,0.75
www.gannons.co.uk/contract/merchandising-agreement/,1.0
www.courtlistener.com/docket/4215192/washington-mutual-inc/,0.421875
sleepbox.co.uk/privacy-policy/,0.0
www.angleritech.com/case_studies/e-commerce-application-manufacturing-industry/,0.0
APSUK.madeinyorkshire.com,0.421875
www.ucc.ie/law/restitution/restitution.htm,0.5625
interlincmortgage.com/wordpress/?p=485#respond,0.421875
poolemoto.co.uk/241-m-tech,0.0
www.martynprowel.co.uk/blog/,1.0
www.immedia-creative.com/portfolio/th-white-energy-website/,0.421875
es.lincoln.com/help/contact/,0.5625
plus.google.com/share?url=www.zenlaw.co.uk/codeus_testimonials/caroline-harris/,1.0
www.financeheads.co.uk/author/katherine-maciver,0.421875
blog.turbotax.intuit.com/uncategorized/turbotax-resumes-e-filing-for-states-18963/,0.75
www.facebook.com/TheISDS,0.5625
wordpress.org/support/view/plugin-reviews/accesspress-pinterest,0.421875
gamerepublic.net/contact/,0.0
www.ihertfordshire.co.uk/local/estate-agents/Stevenage/,0.0
kluwermediationblog.com/category/mediation-practice/,0.5625
twitter.com/Merrythedog1,0.75
www.wesharestuff.org,0.75
www.rowesparkes.co.uk/magistrates-court/,1.0
threeonezero.co.uk/skill/copywriting/,0.421875
www.rajkamalprakashan.com/default/catalog/product_compare/add/product/243/uenc/aHR0cDovL3d3dy5yYWprYW1hbHByYWthc2hhbi5jb20v/form_key/xSikk8iKypSRq14L/,0.0
www.peachwilkinson.com/tag/chartered-accountant/,1.0
www.ascendstudio.co.uk,0.421875
www.apple.com/safari/download/,0.5625
www.pinsentmasonspensionsservices.co.uk/scheme-wind-ups/,0.75
www.d2l.com/resources/,1.0
mva.microsoft.com/?CR_CC=200157774,0.421875
www.1st-advice.co.uk/where-ir35-came-from/,1.0
www.payweb.ca/partnerships/associations/,1.0
twitter.com/share?url=whittakerandco.com/whittaker-co-will-close-on-monday-23rd-and-reopen-on-monday-30th-december/&text=Whittaker+%26+Co+will+close+on+Monday+23rd+and+reopen+on+Monday+30th+December.+,0.421875
quickbooks.intuit.com/pos-hardware/,0.75
zh-cn.facebook.com/advertising,0.5625
www.lawcloud.co.uk,0.421875
www.wrensterling.com/about-wren-sterling/what-our-clients-say/,0.0
www.kjagroup.co.uk/meet-the-team/julie-tomlinson/,1.0
lkpsec.wordpress.com/tag/tata-motors/,0.0
dlwordpress.com/touchy-a-wordpress-mobile-menu-plugin/,0.421875
crunchwear.com/brando-workshop/,0.421875
www.uhy-uk.com/newport/sectors/telecommunications-media-and-technology/?share=twitter,0.0
www.ef-luxemburg.lu/pg/,0.75
skyetheme.edge-themes.com/skyetheme1/portfolio-hovers-2/gallery-bordered/,0.0
pasadenamediationlawyer.com/our-new-address/,0.421875
www.wagga.nsw.gov.au/city-of-wagga-wagga/wagga-wagga/population-forecast-2031,0.0
forums.cnetfrance.fr/topic/1361583-windows-10--comment-bloquer-l-installation-de-logiciels-pour-ameliorer-la-securite/,0.421875
www.ripe.net/participate/meetings/ripe-meetings,0.421875
www.campbellsci.eu/login,0.421875
taxprocenter.proconnect.intuit.com/tax-law-and-news/5-facts-about-the-small-business-health-care-tax-credit/,0.421875
www.stringandtins.com/wp-content/themes/kingsize/lib/portfolio/kingsize-portfolio-video.php?id=305&iframe=true&width=678&height=560,0.0
www.pipdig.co/,0.421875
crunchwear.com/category/techno-fashion/tech-clothing-industry/?filter_by=review_high,0.421875
www.clicky.co.uk/2017/06/new-starter-anna/,0.5625
www.liveperson.com/company/news,0.5625
austinkemp.co.uk/our-expertise/divorce-separation/,0.75
www.savethechildren.org.uk/supporter-promise,0.5625
www.microsoft.com/en-gb/Licensing,0.5625
schoenmann.at/kollektionen/viventy-kollektion-1/,0.0
news.microsoft.com/en-gb/category/press-releases/,0.421875
www.elitelawcostdrafting.co.uk/pi-futures-2016/#respond,1.0
www.hull2017.co.uk/tag/?tag=tidal-waves-festival,0.421875
www.hsbuild.co.uk,0.5625
www.walesonline.co.uk/lifestyle/fun-stuff/uk-citizenship-test-take-test-9715567,0.421875
www.chameleonwebservices.co.uk/news/page/3/,0.5625
www.chiwalking.com/,0.5625
www.watbooks.co.uk/running-adidas-c-9_50.html,1.0
www.capitalwebmarketing.co.uk/saint-josephs-hawks-c-5_633.html,0.0
sheffieldcarers.org.uk/drop-in-advice-sessions/,0.0
advantages.aarp.org/en/offer.cirque-du-soleil.10203.html?intcmp=EWHERE-MBCHAE-DBLIST-CIRQUE-DU-SOLEIL,0.75
www.cour-cassation.gov.bf/,0.421875
demo.qodeinteractive.com/bridge95/jeffrey-veen-quote/,0.5625
futurebeef.com.au/knowledge-centre/desert-uplands/,0.421875
www.marketplace.org/topics/your-money/more-seniors-pile-debt-help-their-family,0.75
www.osr.nsw.gov.au/info/legislation/amendments/201704,0.421875
twitter.com/intent/retweet?tweet_id=873165365211267072&related=Hyped Marketing,0.421875
www.maidstonestudios.com/later-with-jools-holland-live-back-to-maidstone-for-a-third-season/,0.5625
webarchive.nationalarchives.gov.uk/20090204064247/www.berr.gov.uk/,0.421875
supplierdirectory.disabledliving.co.uk/,0.5625
github.com/videojs/video.js/pull/3547,0.421875
www.thumped.co.uk/tag/search-network/,0.421875
beta.williamcharles.com/mother-nature-cooperates-for-25th-annual-snowsculpting-competition/,0.5625
www.marketclash.co.uk/category/startup/,0.5625
www.ilondon.co.uk/local/surveyors-and-valuers/,0.421875
www.leonardocompany.com/news-media1,0.421875
vimi.co/portfolio/opencall/,0.421875
www.ihertfordshire.co.uk/local/firefighting-equipment/,0.421875
www.aarp.org/home-family/caregiving/qa-tool/,1.0
support.squarespace.com/hc/en-us/articles/206542037-Transferring-a-domain-to-Squarespace,0.421875
www.ef.com.tr/lsp/reserve-online/,1.0
ncompassnorthwest.co.uk/what-we-do/advocacy-service,0.0
twitter.com/BCCbized,0.5625
www.forgeonline.co.nz/additional-website-services/,0.5625
www.hps-law.co.uk/2015/08/,1.0
www.d2l.com/es/blog/week-edtech-june-17-2016/,1.0
www.rics.org/uk/the-profession/what-is-it-like-to-work-in-the-industry/anna-keys/,0.5625
www.kellsband.com,0.5625
www.armidaleregional.nsw.gov.au/Living-Here/Education/university-of-new-england,0.421875
sp.thecrowgroup.com/productos_y_sistemas/Equipos_de_Detección_Exterior/,0.75
www.toptenreviews.com/home/outdoor/best-patio-heaters/,0.421875
digg.com/submit?phase=2%20&url=www.forgeonline.co.nz/general-website-help/&title=General%20Website%20Help,0.0
www.pearsonrowe-equinelaw.co.uk/ownership-disputes/,0.0
www.linkedin.com/shareArticle?mini=true&url=www.1and1.com/digitalguide/server/security/hardware-firewall-the-more-stable-firewall-solution/,0.0
ipcopy.wordpress.com/2015/10/09/metro-metro-radio-a-question-of-genuine-use/#more-4891,0.421875
www.tax.org.uk/,0.75
www.shape5.com/wordpress/tutorials/wordpress_tutorials.html,0.421875
www.akc.org/learn/family-dog/games-people-play-dog-indoors/,1.0
quickbooks.intuit.com/r/raising-capital/12-different-ways-to-fund-your-small-business/,0.5625
detik.com,0.5625
drupal.org/community,0.5625
www.cro.ie/Post-Registration/Company/Officer-Address-Disclosure,0.5625
www.hay-kilner.co.uk/hay-kilners-clinical-negligence-expertise-gains-further-recognition/,1.0
t.co/8T96LZNGQd,0.421875
www.sds-solicitors.com/personal-injury/,1.0
blog.lesroches.edu/author/marco/,0.75
lynx.isc.org/,0.421875
www.eden-legal.co.uk/testimonials/,1.0
blog.turbotax.intuit.com/turbotax-news/now-accepted-you-can-file-your-2014-tax-return-with-turbotax-today-18646/#comment-202792,0.75
www.iconsys.co.uk/technologies/safety-systems/s67/,0.421875
profiles.wordpress.org/mrahmadawais,0.5625
excellolaw.co.uk/?page_id=3588,0.5625
www.lemonlawamerica.com/north-carolina-lemon-law,1.0
www.blueribandplan.com/isle-of-man-plan/,1.0
www.rowlinsonssolicitors.co.uk/site/cms-global/help/solicitorsinruncorn/,0.5625
ckmeats.co.uk/products/lamb/,0.421875
designmodo.com/startup/?u=787,0.5625
mediawalesphotos.newsprints.co.uk/,0.5625
www.yourfbs.co.uk/rejection/#comments,1.0
now.lincoln.com/a-song-for-a-certain-few/,0.5625
hackney.gov.uk/jobs-careers.htm,0.0
www.koskela.com.au,0.421875
taxcaster.intuit.com/MyTaxGuruSocial,0.5625
www.aarp.org/espanol/turismo/internacional/,1.0
twitter.com/kingshillbiz/status/875386544990945281,0.75
breakfast.winstonswish.org.uk/,0.5625
www.aiminternet.co.uk/disclaimer.html,0.0
www.financialadvisors.expertsz.co.uk/f.php,0.421875
www.gpcfinancial.co.uk/business-services/,1.0
web.archive.org/web/20130618104403/www.hmrc.gov.uk/,0.5625
wordpress.org/support/users/jzkits/,0.421875
business.yell.com/knowledge/seo/page/18/,0.5625
www.wheelbase.co.uk/luggage/car-racks/roof-mounted.html,0.0
www.ihertfordshire.co.uk/local/public-houses-bars-and-inns/Knebworth/,0.421875
blog.turbotax.intuit.com/tax-tips/katrina-victim-filing-deadline-reminder-117/,0.75
vimeo.com/193373862,0.5625
www.iab.org.uk/product/iab-level-2-bookkeeping-qcf-study-text/,0.5625
empresa.1and1.mx,0.421875
www.walesonline.co.uk/news/wales-news/mystery-man-sang-nessun-dorma-13180585,0.421875
www.gannons.co.uk/employment/employee-shares/growth-share-employee-incentive-schemes/,1.0
www.ef.com.co/lsp/destinations/united-states/san-diego/,1.0
www.nacro.org.uk/jobs/,0.421875
www.lesroches.edu/file.cfm/LRC-Academic-Catalog1?contentid=12131,1.0
www.ihertfordshire.co.uk/local/riding-schools-livery-stables-and-equestrian-centres/,0.421875
blog.turbotax.intuit.com/income-and-investments/bonus-time-how-bonuses-are-taxed-and-treated-by-the-irs-8003/?replytocom=240409#respond,0.75
www.in-touch-therapies.co.uk/,0.5625
www.clergytax.eu/contact-us/legal-notice/,1.0
demo.accesspressthemes.com/wordpress-plugins/everest-gallery-lite/,0.5625
www.facebook.com/charteredaccountants/,0.5625
www.dai4films.com/contact/,0.5625
mcclearyaccountants.com/index.php/international-tax-avoidance/,0.75
www.theaccessgroup.com/solutions/not-for-profit/crm-for-nfp/resources/brochures/access-thankq-crm-brochure/,0.5625
www.essexcricketshop.co.uk/product-category/brand/sf/,0.5625
amconlimited.com/partners/durro-terra/,0.75
compartiresvivir.org/,0.75
blog.lesroches.edu/academic-life/super-fast-changing-world-things-stay-thank-goodness/#comment-540316,0.75
blog.id.com.au/2017/economic-analysis/whats-driving-change-in-your-economys-competitive-industries/,0.421875
twitter.com/DrDisrupTek,0.421875
www.adidasnmdrunnerschuhe.info/index.php?route=information/information&information_id=7,0.0
www.mushroominternet.com/local-area/website-design-tewkesbury/,0.5625
blog.turbotax.intuit.com/tax-tips/a-pleasant-tax-surprise-for-long-time-homeowners-35/,0.75
www.mindseye-marketing.com,0.421875
viewer.zmags.com/publication/c170d7eb,0.75
www.haroldstock.com/wills-and-probate/will-home-wills-serve-your-familys-best-interests/,1.0
www.bchr.co.uk/services/career-development/,0.5625
www.acx.com/,0.421875
siteorigin.com/one-page-websites-page-builder/?replytocom=109423#respond,0.0
www.falm.info/declaration/declaration_pt.shtml,0.421875
pt-br.facebook.com/TheHypedTeam/photos/a.276887255823308.1073741828.258326537679380/813677692144259/?type=3,0.421875
www.ihertfordshire.co.uk/local/accountants/Harpenden/,0.5625
euipo.europa.eu/ohimportal/en/disputes,0.0
twitter.com/EMGSolicitors/status/875338503713943554,0.421875
seo-website-checker.chameleonwebservices.co.uk/web/oogle.com,0.0
selfchec.org/healthy-habits/,0.0
www.danbro.co.uk/accountancy/contact-us/,1.0
www.whittakerandco.com/models/,1.0
www.personneltoday.com/pr/2015/11/socially-enforce-better-business-travel/#comments,0.0
dinozoom.com/activity-free-wordpress-theme/,0.421875
quickbooks.intuit.com/blog/whats-new/,0.75
www.kingshillservices.co.uk/tag/sports-massage/,1.0
blog.thepensionsregulator.gov.uk/2016/11/18/concerned-about-a-pension-scheme-let-us-know/#more-344,0.5625
www.robo4hire.com/,0.421875
zh-cn.facebook.com/LantecStudio/photos/a.618439118250072.1073741828.616344068459577/1282701088490535/?type=3&theater,0.421875
www.siteground.com/,0.75
dinozoom.com/the-common-blog-free-wordpress-theme/,0.421875
act.aarp.org/iheartcaregivers/stories/336/,0.75
www.conveylaw.com/news/page/6/,1.0
excellolaw.co.uk/?page_id=1081,0.5625
www.parliamentlive.tv,0.5625
kluwermediationblog.com/category/mediation-lawyering/,0.5625
