name,count
aaron anderson & mckinsey,0
aas accountants,0
abasus accounting,0
accordia (services),0
accountancy & business matters,0
accountancy consultants east,0
accountant@work,0
accountants with a difference,0
accounting equations,0
accounting innovations,0
accounting office omega,0
achieva,0
acs accounts services,0
acumen business law,0
adam brucely certified accountants & tax consultants,0
adams beeny,0
add-itions accountancy solutions,0
adp associates,0
advokatai,0
airy,0
alex harle advisory,0
alexander rosse,0
alison hurrell,0
all figured out,0
allen tax consultancy,0
amt business (northumbria),0
andrew lillingston,0
andrews orme & hinton,0
andrews ritson,0
angeli legal services,0
ansong associates,0
arleys,0
ascendis business services,0
ascroft whiteside,0
ashtons business recovery,0
asvsh accountancy services,0
asylum justice,0
atticus business law,0
atts,0
augentius depositary company,0
auxillius excelsis,0
azmi-rana solicitors,0
b.c. byrne & co,0
baillie spowart,0
baker street accounting,0
ballantyne grant ( solicitors ),0
barnes marsland solicitors,0
barrington & sons,0
barringtons solicitors,0
batchelor coop,0
battens solicitors,0
bbs smart,0
bcas accountants,0
beaufort chancery,0
beckett rawcliffe,0
bedford & co,0
beeson bookkeeping service,0
bell and craig,0
beneficent law community interest company,0
benman brown accountants,0
berthold bauer vat consultants,0
bgr bloomer,0
bhargav,0
boddy matthews,0
bookham consulting associates,0
booktek,0
brett nicholls associates .,0
bright brown,0
brisas,0
broadholme,0
brookson,0
brywel associates,0
buckinghamshire law plus,0
bulpitt crocker taxation,0
burton accountancy,0
bvc associates,0
cameron alexander accountants,0
cameron partnership,0
camilla baldwin,0
capella ip,0
capital k,0
casita,0
cate moore,0
cavehill accountancy services,0
certax accounting (birmingham south),0
cfo consulting,0
chamberlain mcbain,0
charles brown adr services,0
charlton newell,0
chek & co,0
cheong business services,0
chepstow accountancy services,0
chinnar solutions,0
chorus accounting,0
chris regan,0
chris rooke management,0
cirrus cloud accounting,0
city acctax,0
city arbitrators,0
cleaver fulton rankin,0
cleaver thompson,0
clink,11
clr accountancy services,0
cmm accountants,0
coates & coates,0
cochran dickie & mackenzie,0
complete cost consultants,0
comtax,0
connons of stonehaven.,0
cooper stott solicitors,0
da-silva and associates,0
dartford legal services,0
dartnell lynn,0
david stout consulting,0
dbs law,0
dendy neville,0
dennis & turnbull,0
derwent law,0
dm mcnaught & co .,0
dmp accountants,0
donoghue & co.,0
dr solicitors,0
dyton-thomas accounting,0
ecko,1
ef . de.,0
elaine williams accounting,0
ellis hass and co solicitors,0
emg solicitors,0
ephraim business services,0
epsom accounting,0
esi immigration,0
eye for finance,0
f1 accounting,0
family law arbitration,0
fieldbridge,0
fifty three north,0
financial direction & control,0
fintax,0
fkgb accounting,0
fn accounting services,0
fortress law,0
francis gray,0
fraser russell,0
french law matters,0
frogfoot,0
furnival chambers,0
g.h. attenborough & co.,0
geraint jones & co,0
gerber landa & gee,0
global link accountants,1
godfrey mansell & co.,0
gordon lutton solicitors,0
gowens law,0
greenaway scott,0
gregory priestley & stewart,0
grenfell james,0
guildhall,0
guney clark & ryan solicitors,0
hafsa,0
half penny accountants,0
harvine consultants,0
harwood  chase,0
haven solicitors,0
hb counters - essex,0
heisei,0
high court enforcement group,0
hill & robb,0
hj consultancy services,0
honey badger,0
houlden sweeney,0
house of accountants,0
hpacs consulting (uk),0
hussain solicitors,0
hydrapsc,0
ian walker accountancy services,0
iht planning matters,0
impkiss,0
independent mediators,0
indesco,0
infinitude services,0
infinity partnership,0
inpr accountants,0
isolex financial,0
jaffer accountancy,0
james perman & company,0
javid arshad solicitors,0
jcs accountancy services,0
jerroms priddey,0
jl accountancy services,0
jlr consultancy (aberdeen),0
john alexander,0
john ellis & co. .,0
jph legal,0
justus .,0
karen petch bookkeeping,0
katsina,0
kean jarman,0
kent defence,0
kershen fairfax,0
keyzone,0
kfmco,0
kia ora,0
kilic & kilic solicitors,0
kimiya company,0
kingswell berney,0
kmg financial,0
kp simpson,0
kundalini,0
laceys mediation service,0
law costing,0
ld financial & management services,0
leech & co solicitors,0
legatus law,0
lexona (pgi),0
linda baker business services,0
"lynn, drake & co.",0
mad about book-keeping,0
makin dixon solicitors,0
mansfield & chaston,0
marcus baum solicitors,0
marsh accountancy,0
martyn prowel,0
maysons solicitors,0
mcdermott woolf & scholfield,0
mcgregors (mansfield),0
mcquades residential conveyancing,0
meadow payroll services,0
meer and co,0
merryhill accountancy services,0
michael baker,0
michael brough & cohen,0
michelle o'shea & co,0
migrant legal project,0
"miller, beckett & jackson",0
mjc bookkeeping,0
mk law solicitors,0
mne accounting,0
moreland & co solicitors,0
morris wheeler & co,0
naylor wintersgill,0
needle partners,0
nigel r. hale & associates,0
nimrod legal and advice bureau,0
nlis.,0
nookie,0
northampton accountants,0
northumberland accountants and tax advisers,0
npp accountancy services,0
o'neill & company (blackburn),0
o'neill morgan solicitors,0
oakley accounting,0
obsidian law,0
od accountants,0
offord fenning and associates,0
on the spot tax,0
onesource partners,0
online tax savings,0
oppenheim and company,0
opus services,0
osbornes accountants,0
p j hamson & co.,0
pageline solutions accountants,0
paramount legal costs,0
paraphernalia.co,0
parrish family law,0
patent outsourcing,0
pathway accounts,0
paul andrews,0
pc-legal,0
penol,0
perrys accountants,0
peter millican law,0
pevex accounting services,0
phillips solicitors,0
pisces accounts,0
pivotal data,0
poole resources,0
portmans solicitors,0
precision bookkeeping,0
proactive bookkeeping services,0
probis services,0
profin cost solutions,0
prolegis,0
quinn legal services .,0
r a lister,0
r s harding,0
rahman ravelli solicitors,0
raise associates,0
rana & co accountants,0
reeds family law solicitors,0
reynolds consulting and advisory,0
ridan,0
rigby lennon & co,0
riley moss,0
rnk accountancy services,0
rob mcculloch,0
rochdale law centre,0
rosemary hargan,0
ross aldridge solicitors,0
rowdens,0
rowel genn,0
rutherford accountancy,0
rwb accountants,0
rwg services,0
ryland construction law services,0
saashiv & co. accountants,0
safi advisory services,0
saracens solicitors,0
sawarn & co.,0
sawera,0
scutt beaumont solicitors,0
sedgwick legal,0
selborne chambers,0
shaun mcateer & co.,0
shieldacre,0
shore stewart,0
signature cca,0
silver & ward,0
simpson burgess nash,0
smartfield,0
smethurst & buckton,0
solar accounting,0
st john law,0
stack & jones,0
stanchion,0
steer,0
sterling accounting and business services,0
sterling claims,0
stevens law,0
stonegate legal,0
stopford associates,0
strong tower accounting,0
studio commercialisti londra,0
suretax accounting,0
swiss mergers & acquisitions,0
sz law,0
taseko,0
tax-form solutions,0
taxaid,0
taxeezy,0
taxman solutions (scotland) .,0
tech nick clarke,0
telfa,0
the a9 partnership,0
the cavendish chambers,0
the eric whitehead partnership,0
the hetherington partnership,0
the pennine bookkeeping company,0
thickbroom coventry,0
thornalley & co,0
tim curtis,0
turner accountancy (norfolk),0
twin deer law,0
uktaxes,0
umbrella legal,0
united minds international .,0
vardags,0
victor t fraser & co,0
viva - law solicitors,0
w legal,0
walkers solicitors,0
waller pollins,0
warcup law firm,0
ward bosence,0
waterleaf,0
watermark financial services,0
westmar,0
wexl,1
whiteberry,0
wigzell bookkeeping services,0
wilkins beaumont suckling,0
wills chandler beach,0
wis accountancy,0
wisbech payroll,0
working finance,0
wyatt husler cook (accountants),0
yooseful technology,0
3 steps to auto-enrolment,0
a g kelly,0
a-count-a-bility,0
a. nicol services,0
aa medico legal,0
aab accountancy,0
aarp,0
ab700,0
abacus book-keeping company,0
abc book keeping & accounting services,0
abg legal services,0
abk accountancy,0
absolute tax and accounting services,0
accountancy assured,0
accountants for traders,0
accounting and financial business solutions,0
accountrust,0
ace consultants,0
ace payroll & bookkeeping,0
actius,0
active accountants,0
acumar,0
advising london,0
ae finance,0
afz accountancy,0
ag tax,0
aim (accountants),0
air law options,0
aitken business consultancy,0
akb professional services,0
allazo,0
allen & overy legal services,0
altion law,0
alun carew,0
amcon,2
annacott financial services,0
ansell farndell,0
anthony harris,0
apm associates,0
appleman legal,0
arbdb,0
arcadia accountancy,0
ascension house,0
ashby berry coulsons,0
ask services london,0
asset bookkeeping,0
atca,5
auker rhodes,0
balson & co.,0
bargain bookkeeping,0
barrett nelligan solicitors,0
barrister fee consultants,0
barry thompson & co accountants,0
barzinji & co,0
bavisi legal,0
baxters,0
belcher frost solicitors,0
bennetts accountancy,0
berkeley hurrell,0
berkeley lifford hall,0
bikelawyer,0
bill jarvis consultancy,0
bingham & co property lawyers,0
binsky,0
bioscience ip,0
black mirror,0
blandfords & co,0
bluesman,0
bonacc,0
bostockwhite,0
bown & co,0
boyes sutton and perry solicitors,0
braddon & snow,0
broadview house accounting,0
brooke-taylors solicitors,0
burd ward solicitors,0
business tax solutions,0
c & l associates uk,0
c&g legal & commercial,0
ca payroll services,0
candor payroll and accountancy services,0
captax,0
carole carre associates,0
carr hepburn solicitors,0
carville consultancy .,0
centrix solutions,0
centurion global consultancy,0
centurion law,0
certax accounting (new forest),0
"chapman, richards & moore",0
chartax accountancy,0
charter group fund administration,0
cheltonian,0
chemical regulatory services,0
chesapeake associates,0
cheyne consulting,0
chris burns consulting,0
chris skarparis & co.,0
churchmill house,0
clarity accounting services,0
clay & associates,0
clear accountants,0
clear door business solutions,0
cleargaap,0
cloud fd,0
cobley desborough,0
coghlan,0
commonwealth evaluators,0
company dynamics,0
concept accountancy,0
cotiviti europe,0
csm accounting services,0
cunnington & co,0
dante accountancy services,0
darton law,0
darwin bowie,0
david and goliath debt advice,0
david barry and company,0
david v. elston & co.,0
dck beavers,0
dev accountant,0
devereux & hunt,0
dexter & sharpe consultancy,0
diamond financial solutions,0
dorade,0
douglas shaw,0
dsn accountants,0
dumfries mortgage and property shop,0
duran & osorio abogados .,0
e grasby & associates,0
eastwoods solicitors,0
easybooks wales,0
ellacott morris,0
ellcass accounting,0
employment tribunal services,0
enfield family law,0
ert law,0
erte enterprises,0
esperium capital,0
espira,0
everything payroll,0
evrika,0
excalibur investigations,0
expert accounting & finance,0
expresspay,0
fabrons accounting .,0
farrar smith,0
fgs accountancy & taxation,0
fife business services,0
finite financial,0
firstax,0
flint & thompson,0
forde campbell,0
forward thinking finance,0
fountain mediation,0
fp & a services,0
fruition consultants,0
fuentes bookkeeping,0
fullers family law,0
fylde tax accountants,0
g m accounting & management services,0
gallen & company,0
gd penny,0
gdml company,0
george & co (scotland),0
"georgesons, solicitors & estate agents",0
ggp law,0
ghp advocates,0
gihi associates,0
gildeas,0
glaro,0
goatcher chandler,0
golden doves,0
goldstar accountants,0
gordon jones & co,0
gowlings solicitors,0
greens solicitors,0
hargreaves gilman solicitors,0
harrison renwick,0
hase .,0
hcss education,0
hethertons solicitors,0
hg professional,0
holberton and co,0
holeys,0
humm accountancy services,0
hunt solicitors,0
hurdley  & company,0
ian woodward accountancy,0
ilaw legal services,0
immigration studio,0
integro accounting,0
iykons accounting services,0
j m mcallister & co,0
j. e. edmondson accounting,0
jellybean bookkeeping,0
jma solutions,0
job seekers,0
johal stott & co,0
john adamson & associates .,0
jonathan orchard,0
jps accountants,0
junee solutions,0
jupiter bookkeepers,0
kamdar,0
kenneth jones legal,0
kingsmead accounting,0
kirton business services,0
kisa associates,0
klp bookkeeping,0
kounnis and partners,0
kwan & company,0
ladas & parry london,0
laker goodwin jones,0
laker legal solicitors,0
landons solicitors,0
lane ip,0
langard lifford hall,0
lawdit solicitors,0
lawplus,0
learmonth & co.,0
legal cashiers,0
leopold business services group,0
lethbridge,0
lexton law solicitors,0
licensed trade solutions,0
lighthouse property searches,0
lionshead law,0
livingstone brown,0
lucas accountancy,0
m. g. whitby & company,0
magenta accounts,0
malcolm hurst of pontefract and york,0
malcolm piper & company,0
mark appleyard,0
martin and company accountants,0
mathematically inspired solutions,0
matrix legal support,0
mattocks grindley,0
mayday accountants,0
mazzeo,0
mcbw,0
mcsil corporate associates,0
melanie curtis accountants,0
melkerts solicitors,0
menzies law,0
metherell gard,0
millbank financial services,0
montpelier professional,0
morgan & stuckey,0
morgan reed accountants,0
morrisons,0
mouat accountancy,0
mulderrigs solicitors,0
murchison law,0
murray hills solicitors,0
mw bookkeeping services,0
newnham & jordan solicitors,0
ngj bookkeeping & payroll,0
nicola j tiernan solicitor,0
norden services,0
north ford solicitors,0
occasio legal,0
oesa,0
ombros solutions,0
oracul,0
orion law,0
otten penna,0
pabsco,0
paifang accountants & tax advisors (uk),0
parkes & swan,0
parnalls solicitors,0
paul cameron legal services,0
paul j. alder,0
paul neasham accountancy,0
payassist,0
payerise payroll solutions,0
paymed contractors,0
payroll & bookkeeping services,0
payroll check,0
pdc legal,0
pellys transport & regulatory services,0
penn faraday solicitors,0
peter hearne associates,0
pg accountancy services (uk),0
philbys,0
plan target partnership,0
plantation legal services,0
powdin & co,0
prism corporate broking,0
"pritchard,evans & co.",0
pro bono in the lmc,0
pro tempore legal services,0
prydis legal,0
purdys solicitors,0
r & d tax and grants,0
rains & co,0
ranjha accountants,0
rawlinsons,0
rhodes accountants and business advisers,0
richard price accountancy,0
richardsons legal services,0
rita 4 rent,0
rm & co accountancy,0
roby brimley & co,0
rollason accountancy,0
rovik,0
rowson & associates,0
rwm taxation,0
ryley knight chambers,0
s. c. hosker & co,0
sable accounting,0
sally grant,0
scs accounting solutions,0
sef vat & indirect tax consultants,0
serrano,0
sharratts solicitors,0
shefford accountancy services,0
sheldon davidson solicitors,0
shipton bookkeeping and payroll,0
sicknote,0
siddhartha,0
silk family law,0
smt contract consulting,0
sochall smith,0
solent accountants,0
south cheshire bookkeeping,0
spring professional services,0
st philips adr,0
steeles law solicitors,0
still accounting,0
success accounting,0
sudworths,0
sunflower accounts,0
sw accident claims solicitors,0
symmetry law,0
tactix for business,0
tae consultancy,0
taw accountancy services,0
taxation and accountancy solutions,0
taxave business centre,0
tenterden consulting,0
tg bookkeeping solutions,0
the chartwell partnership,0
the employment law partnership,0
the evenlode network of accountants,0
the mickdreybshires,0
the notary solution,0
the prayag partnership,0
the trademark helpline,0
thomas guise,0
thomson hayton winkley,0
tlip,0
total accounting .,0
trackload,0
transatlantic law international,0
tribunal solutions,0
trustee solutions,0
us visa solutions,0
vaitilingam kay,0
value tax returns & payroll,0
vat claims international,0
vat services .,0
verdi bookkeeping services,0
verisio,0
veritax,0
w. mcgillian & co,0
wagner associates,0
walter hunter & co,0
warents feingold & co,0
weaver-afs,0
webb accountancy services,0
wellwood hoyle associates,0
west country taxation,0
whalley swarbrick,0
whelan worner,0
whitefield solicitors,0
wintersgill associates,0
your property accountant,0
yp finance,0
zutec,0
1st solicitors,0
925 services,0
a fortiori,0
a. s. zanettos & co.,0
a.p. robinson & co.,0
abacus wills & trusts,0
abbey book keeping services,0
abington accountants .,0
accident claims help time,0
account direct,1
accountability outsourced support,0
accounting for energy,0
accrual world of bookkeeping,0
acuity legal,0
acumen accountants and advisors,0
adams tax and accountancy services,0
adcocks solicitors,0
admiral law,3
advanced legal services,0
advoc,1
aim advance,0
all tax cca,0
allan reece & co,0
alliance legal costs,0
alpha accountants and tax advisors,0
altum business solutions,0
am law solicitors,0
amanda shaw solicitors,0
ameeco accountancy,0
amethyst financial and business services,0
amicustax,0
amity accounts,0
ams solicitors,0
andika,0
andy walton & co oxford accountant,0
angra,0
ann burnett accountants,0
apex legal costs,0
archer accountants,0
ark aurora,0
arlington ford,0
asegun,0
ashleigh accountancy services,0
ashley taylors legal,0
athena & company accountancy,0
atkin sturgess management,0
attwoods business services,0
audit & compliance solutions,0
avr transcription,0
bailey philpott,0
barcant beardon,0
basra & basra,0
bayles,0
bci accountants,0
beeley & co solicitors,0
beginning 2 end,0
belfast taxation services,0
bell tindle williamson services,0
bells solicitors,0
benrose accountancy services,0
big lessons,0
bkic,0
black & white law,0
black cat accounts,0
blakewells solicitors,0
blue riband services,0
bookkeeping and office services,0
bookkeeping services (essex),0
boston commercial centre,0
brackman wolfe & company,0
bradford house accountancy,0
bradshaw tax services,0
brays of wetherby,0
breeze & co (llandudno),0
brigid turner & co,0
brinkworth accounts,0
britannia book-keeping services,0
burrows & lewis,0
burton beavan,0
business bods,0
business equilibrium,0
business loss prevention,0
business prophet,0
butterford accountancy services,0
cain and beer,0
calleja consulting,0
cambridge legal services,0
campbell & haughey solicitors,0
cantelowes,0
capit all accounting,0
care providers,0
career management,0
carswell consulting,0
cassell moore law,0
castle accountancy (bath),0
ccf accountancy,0
certax accounting (preston & s.ribble),0
champion holdings,0
charles marcus .,0
charles stringer & co,0
chateau d'if,0
cheshire wills,0
chiltern legal,0
christine lee & co (solicitors),0
chudley & co accountants,0
city law immigration,0
claydenlaw,0
clc accountants & business advisors,0
cleaver accounting,0
clutton cox,0
cnc accounting services,0
colin hutson accounting,0
commercial litigation association,0
company requirements,0
connolley and company,0
conor downey & co,0
construction industry accountancy,0
cornford accountants,0
couchman and lee,0
criminal defence lawyers,0
crossover,0
cullingworth & co,0
cumbria payroll services,0
curle stewart,0
david essex stocktaking services,0
david spalding,0
devines accountants,0
diverset,0
divorce law,0
drivepol,0
driving instructors accountants,0
dso accounting services,0
dunbar financial services,0
e a neary,0
e. a. harris & co,0
easy peasy payroll,0
elson geaves accountants,0
ema legal,0
enterprise tax centre,0
enumerate,0
equistock,0
equitas law,0
excello law,0
exeter community accounting,0
fab accountants,0
fairway accounting & consultancy,0
family matters mediation,0
family mediation north east,0
farthing business services,0
fbs accounting services,0
fca uk,0
fds (uk),0
fidelity law,0
fiem accountancy & management services,0
findlay brown,0
firman financial solutions,0
fletchers accountants,0
foxboro accountants and business advisors,0
francis george solicitor-advocate,0
frank brazell and partners,0
freeman bookkeeping & accounts,0
french ludlam & co,0
fulmar accountancy services,0
garner & co,0
gbj financial,0
ges accountancy,0
glb accountancy services,0
global brands protection,0
global consultax,0
global investment research and advisory,0
global transfer pricing services,0
glodina international,0
goldbergs solicitors,0
gomer williams & co,0
gpax services,0
graeme quar & co.,0
greenrock accountancy,0
gurney harden solicitors,0
hadi law,0
haftke,0
halborns,0
hamilton consultancy services,0
hancock quins,0
hansel henson,0
harbour family law,0
haworth & lees solicitors,0
hca accountants,0
hearne & co.,0
helene potter associates,0
hennessy & hammudi,0
heritage depositary company (uk),0
hison services,0
hmla,0
hogbens dunphy,0
horsesolicitor,0
hsks greenhalgh,0
hsp tax,0
hussains public accountants,0
iabc,1
icw accountancy,0
illyrian,0
ime law,0
immemp solutions,0
infinit services,0
inquesta forensic accounting,0
j aubin,0
j b daniels,0
jamiesons solicitors,0
jays business services,0
jbas,0
jbs solicitors,0
jdn accountants,0
jmd accounting,0
jmh office services,0
johns jones & lo,0
jsa services,0
julie burton law cyf,0
k lloyd associates,0
k.l. property lawyers,0
karian,0
kauai,0
kelly molyneux & co.,0
kennedy legg,0
kenneth m greener .,0
kevin alderton and team,0
khadka accountancy services,0
khan solicitors,0
king & king,0
kingswell watts solicitors,0
kk & partners (uk) .,0
kpd business services,0
krogh & partners,0
l maritz consulting,0
laceys accountants,0
laceys,0
lakin clark,0
lanyon bowdler services,0
laureola,0
laurie a avadis & co,0
lauriston,0
lawrie ip,0
lb group,0
ldn conveyancing,0
lemon law,0
levinson law,0
lewis nedas law,0
lime ip,0
lincoln,2
litigation support services,0
llyr james cyf,0
london visa services,0
lustigman & company,0
m'dam (make do and mend),0
madrone,0
malinda,0
mancala,0
mandra,0
marlow jv audit,0
marsden rawsthorn solicitors,0
marsh hammond,0
martin tiano & company,0
mason williams,0
mastersfuller,0
matplus,0
maxmakers,0
mcconnell law,0
mcgovern and co.,0
mcmorland & co ftca,0
mds law,0
melvyn f. oarton & co.,0
michael sohor & co,0
mid suffolk accountancy services,0
midland accountants,0
midland property lawyers,0
milestone partners,0
mill scott,0
mitten clarke,0
mjh accountants,0
mmd accounting,0
moneyspider consultancy,0
monstermob group plc,0
morgan reach (london),0
moss-shaf,0
moti and co london,0
mpg solicitors,0
mtm accounting,0
my controller wokingham,0
my uk tax,0
n.r. evans & co accountants,0
nabarro poole .,0
navigo,0
newsham hanson,0
nexus accounting and advisory,0
nkb norddeutsche finanzkontor .,0
nmc accountancy,0
nora mullally,0
north devon accounts,0
notary express,0
novitt bamford,0
numbers r us,0
nwn blue squared,0
ocean accounting,0
ochil accounting,0
ogilvie & company,0
oj williams accounting,0
"olivia mclaren, .",0
onions & davies,0
otax,0
paul finn solicitors,0
paul houghton mediation,0
payman.co.uk,0
pearl lily,0
pearson rowe,0
penjana,0
penn accounts,0
pennine legal,0
pierrepont,0
pilgrims accountancy,0
pkw accounting,0
pmb taxation services,0
pointon & co solicitors,0
prestidge accountancy,0
prime numbers accounts,0
priority law,0
prisoners' advice service,0
professional tax consultancy,0
pronovotech,0
prospect law,0
r & j m hill brown & co,0
r. pau & co (accountants),0
rapid medcare,0
rbw & co,0
redmonds solicitors,0
renshaw,0
reza accounting & tax services,0
rhodes clarke & co,0
riaz ahmad & co,0
richard keylock accountancy,0
richflo accounting services,0
rmb solicitors,0
robert joy employment law services,0
roger smallman & co,0
rowland law,0
rt8 legal,0
rushton osborne & co.,0
ruskells,0
s square accountants,0
salva veritate,0
sandison lang,0
sara rendell will writing,0
seaforth taxation,0
seebys consultancy,0
selby lowndes family solicitors,0
sfinx,0
shanks accounting & advisors,0
sharen cain fcca,0
shean solicitors,0
simple tax returns,0
sloan energy,0
slough accountants,0
smart accounting & business services,0
smart legal consultants,0
smith heath,0
somerbys,0
south west law (legal services in the community),0
sp mckeown & co,0
splot,0
stedman,0
stellar tax and business advisory services,0
stephen moon business services,0
steven r francis & co,0
streater associates,0
street & berg,0
stuart anderson accountants,0
supreme class,0
sweeting & smedley,0
tarsal,0
tax & forensic services,0
tax management for clergy,0
tax return services (bristol),0
tax tutor uk,0
taylor rushby,0
teabreak,0
teichman and sharkey accountants,0
tempest support services,0
the accountancy practice,0
the black mushroom,0
the french law practice,0
the legal director,0
the legal firm .,0
the probate practice,0
the society of share and business valuers,0
the vat consultancy,0
there goes the neighbourhood,0
thomas simpson solicitors .,0
thompson balch,0
thompsons accountancy,0
thompsons accountants,0
thomson consulting,0
thorpe & co.,0
tom street & co. solicitors,0
trade & customs solutions,0
trafford accountants,0
trust settlement corporation,0
tt accounting,0
uk immigration solutions,0
union partners,0
van der meer consultancy,0
vatwise business services,0
viney becks,0
visoz,0
walsh accountancy services,0
wata,0
watford bookkeepers,0
wbn law,0
westcountry payroll,0
weston investigations,0
wildwood accounting services,0
willsons (higham ferrers),0
winston raleigh & hughes,0
wright vigar,0
yba services,0
yoco,0
a & n care solicitors,0
a charlton & co,0
a h brooks solicitors,0
abv solicitors,0
accounting & taxation too associate,0
accounting angels (sw),0
accounting for charities,0
accounting for entertainment,0
accounting for startups,0
accountree,0
adley consulting,0
aequiam,0
afc accounting services,0
agnew andress higgins solicitors,0
ajm accountancy & bookkeeping,0
alan boddy accountancy,0
allan accounting services,0
allen sykes,0
allens accountants .,0
alphanumeric accountants,0
alternative costs,0
alty & co.,0
amanda bannister consulting,0
andiamo accounting,0
andrew c. smallwood & co.,0
andrew holland law,0
andrew price & co,0
andrew wilkie (accountants),0
angela paull and co,0
anglo-thai legal company,0
anita benge accountancy services,0
ap solicitors,0
aps legal consultants,0
ara immigration services,0
arden kendall,0
argent associates,0
aris capital,0
arkios cordovan,0
arlene castle,0
armitage sykes solicitors,0
arnison & company solicitors,0
artemis finance,0
ascent fd,0
ashcroft anthony,0
astbury accountants,0
atbs,0
aticus recovery,0
austin outsourcing,0
avery naylor,0
avicenna consulting,0
avonhurst accountancy services,0
bache samuels,0
bagshaws,0
banna bc,0
barron & barron,0
bartax services,0
bartlett legal,0
bath employment law,0
bell wright & co,0
bellshire accountancy,0
belstar,0
berkeley hall,0
birchwood solicitors,0
bookkeeping & payroll solutions,0
boyle shaughnessy solicitors,0
bramhalls,0
brar & co,0
breckman & company,0
brickfield associates,0
bridgnorth business services,0
brightlaw,0
brinds specialist tax consultancy,0
brittons solicitors,0
brookes o'hara,0
bsm (uk),0
btmr,0
bw business solutions (uk),0
c & c bookkeeping,0
callahan mckeown & co.,0
cambridge immigration legal centre,0
cannon and company accountants,0
carpmaels & ransford services,0
carter & carroll,0
carter bond,0
centurion legal,0
cfj & co solicitors,0
charles palmer accounting services,0
charles william,0
chittenden horley,0
clarkson hamilton,0
clive morris accountants,0
clyde defence lawyers,0
cobb & co accountants,0
colin warren accountants,0
competex,0
contratax,0
cornwall bookkeeping and accounts,0
corporate consultancy and formations,0
cottams solicitors,0
craig estates,0
creasey alexander & co.,0
credebt,0
"crichton wills, trusts and probate (north east)",0
criterion global,0
crl accounting services,0
crown solicitors,0
d a hill accountancy services,0
daffodil accounting,0
danbro business,0
darshan azad,0
david ridley consultancy,0
david s. brown,0
db accountancy,0
ddfa,4
derek watson consulting,0
dey & co.,0
diamonds solicitors,0
dixcart legal,0
djb accountants,0
dma accountants,0
donaldson/watters,0
double m bookkeeping services,0
e-accounting,0
e3 consulting,0
ea essential accounting,0
"edmonds, marshall, mcmahon",0
edwards accounting services,0
elite law cost drafting,0
emerald accounting services,0
emmerson law,0
essendon accounts & tax,0
exe valley payroll,0
exmoor accountancy services,0
f g patton solicitors,0
fair trials international,0
fala accounting,0
fathom solutions,0
fc retail services,0
fergusson  & co,0
financial visibility,0
firma w anglii,0
fobogold business services,0
fodens solicitors,0
forensic accounting solutions,0
fortress-hassall law,0
fully,23
g & t accountancy services,0
gabhen acc,0
gannons commercial law,0
gem commercial finance,0
gerard maguire solicitors,0
ghiaci goodhand smith,0
go green health,0
gospel hunt,0
gpg accounting services,0
graham & rosen (hull),0
gray & company partners,0
green lane partners,0
green ledger consulting,0
grunberg & co,0
gsv partners,0
gyro,13
hakan & co,0
harland & co solicitors,0
hatfield & co accounting services,0
haven legal services,0
hawkins priday,0
hay & kilner,0
hayton accountancy,0
hearn,0
hennessey investigations,0
hhab,0
high bridge business solutions,0
hillson & co,0
hillwood business solutions,0
hitchcock frank,0
hobson & latham,0
hollywater,0
howards solicitors,0
humfrys & symonds,0
ibis management .,0
immigration practice uk,0
imperiam,0
independent claims,0
inkpen accounting services,0
innervision accounting solutions,0
ip europe,0
iterate,1
itp law consulting,0
ivc services,0
j b wood accountancy services,0
j t consulting,0
jac cane accounting,0
james bendrey accountants,0
james johnson & co (accountancy),0
jayne mckenzie smith,0
jaz-tek services,0
jdm financial services,0
jefferies solicitors,0
jenson solutions,0
jf francis,0
jkab accountancy,0
jkl consultants,0
jl grant & co.,0
jmr financial management,0
john f. harvey,0
john goulding & co.,0
jones howard,0
jpe services,0
jupiter wills,0
k s tan,0
kaban & company,0
kancelaria doradztwa prawnego gawin,0
katharine moss consulting,0
keenan solicitors,0
keeping the books,0
keith bintley,0
kelly corporate services,0
kerry osborne accountancy services,0
keynes marshall,0
kingsbere accountants,0
kishens,0
kja group,0
knight goodhead,0
kregan,0
krw accountants,0
ksa consultants,0
lall ondhia,0
law by design,0
legal and claims,0
legal services (london),0
levine,2
livesey spottiswood,0
lmde accountants,0
london legal support trust.,0
lonjex consulting,0
loveless & co accountants,0
lowson ward,0
lsm services,0
lujo,0
lw consulting,0
m.w. accounting,0
maalik & co,0
magenta accountants,0
maggie wong & co solicitors,0
magyar & co.,0
manners pimblett solicitors,0
manuel bravo project,0
maple & black law,0
maton,0
mayfield internal audit and consulting,0
mbc solicitors,0
mccoy business solutions,0
mclintocks,0
mdr accountancy services,0
melrose & jonah,0
meridian business consultants,0
michael ball & co.,0
millard and company accountants,0
miller legal,0
milly molly mandy,0
mk ip works,0
mns services,0
money matters (st.ives),0
monro higgs consulting,0
montague solicitors,0
morchard bishop,0
more than numbers,0
more than wills,0
morris white,0
murphy irwin & co (solicitors),0
murtagh & co,0
myers solicitors,0
ngl consulting services,0
nicholls solicitors,0
nick poole,0
northwood banks & co,0
oliver consulting,0
opus business & tax services,0
orbrys,0
osmond solicitors,0
ouzman ip,0
oyster bay enterprises,0
page accountants,0
page one,0
parkes & co accountants,0
paterson & co accountants,0
paywell,0
penlaw,0
peridot tax,0
peter hill (accountant),0
peterborough accountants,0
petherbridge bassra solicitors,0
pg legal,0
phoenix solicitors & advocates,0
pickering evennett,0
pirie palmann,0
pjk accounting,0
pondera so,0
preston advisory,0
primax law,0
prism accountancy & business support services,0
probert legal,0
purlieus consulting,0
quickbooks and tax services,0
r&l associates,0
r. e. froud & associates .,0
r.m. maudsley,0
reemans solicitors,0
review my claim,0
rhs business services,0
richard bourne,0
roches,0
rodl & partner,0
rogers tax shop,0
ronald s. rankine & co. .,0
rory sheehan payroll services,0
ross brooke,0
rowe sparkes solicitors,0
rowlands webster,0
rwca,0
rwk accounting services,0
sauba & co,0
seatons law,0
sgw consulting,0
shacklefords,0
shahram moallemi & co,0
sharon bristow associates,0
shirtcliffe and co,0
shorton investments,0
shriram and company,0
sinpartners,0
slater costa,0
sls business solutions,0
small & marken solicitors,0
small claims mediation,0
smb professional services,0
soloman law,0
southern accounting services,0
st clair accountancy,0
stephen parnham taxation,0
str8 4ward accounting,0
sunmoon,0
tamblyn & co.,0
tax check .,0
taxing solutions,0
taxmaze,0
taxtek cambridge,0
terry prosser accounting solutions,0
thacker & company accountants,0
thames hr solutions,0
the book monitor,0
the family law practice,0
the london law practice,0
the public law project,0
the small business bookkeeper .,0
tide accounting,0
tjg business services,0
townends accountants,0
tp legal,0
tsk - tsk,0
tuddenham,0
van dijk accountants,0
vantage law solicitors,0
vat and indirect tax associates,0
vesey and clarke solicitors,0
vesta management services,0
vicom accountancy services,0
vineyard taxation services,0
vinings,0
vjs accountancy services,0
vyman solicitors,0
walker & quinn accounting,0
wallace hodge & co,0
warner wilde,0
warr & co,0
weaver rose accountants,0
westminster wills,0
whitehouse accounting bureau,0
whittaker and co (uk),0
wilkie randall,0
will writing and probate services,0
williams giles,0
wolf audit and risk,0
woodfield associates (consulting),0
woodstock property law,0
wootten consultants,0
wright connections,0
xpatria tax & consulting,0
y n services,0
1st accountancy (leeds),0
1st stop mortgages .,0
36 bedford row procureco,0
3nt consulting,0
@ccounts+,0
a allen & son,0
a m popescu accountancy,2
aacsl accountants,0
abbey lincon uk,0
acacia accounting bureau,0
accolade legal services,0
account-ants (darlington),0
aceline consulting,0
ackland mainwaring,0
advise and assist legal reps,0
agpc,0
aja legal services,0
alcazar consulting,0
alexander whiting & company,0
allan jay paine,0
allan rutherford,0
allansons law,0
allef,0
amsnu coopers & co,0
andrew jenkins,0
anewthing,0
angell pinder,0
anthony joseph & co.,0
"anthony, michael & associates",0
apex a,0
appleyard accountants,0
archangel accounting,0
arkadia,0
arthur edwards consultancy,0
ash lyndon,0
ask legal solicitors,0
asquith & co accountants,0
audit partnership,0
austin kemp solicitors,0
avarice,0
awg accountants,0
b.w. whiffin & co,0
bambridges solicitors,0
bbs law,0
beacon tax solutions,0
beanhill enterprises,0
bell park kerridge,0
beltons public accountants,0
berwick law,0
bespoke tax accountants,0
better books,0
bick accountants,0
bilberry associates,0
bishops accountancy practice,0
blayney accountancy,0
blox property (poole),0
blu blu,0
bnd accounting services,0
bnh associates,0
boler wiseman,0
bpo accounting .,0
br accountants,0
brass tax accounting,0
brawa accounting,0
bristowe consulting,0
brosnans,0
bulliss & ridgewell,0
burrow & crowe,0
business accounting and tax,0
c j roberts & partners,0
cahill jack associates,0
calum ward & co.,0
capel consultancy,0
carter rose associates,0
castelo solicitors,0
caversham solicitors,0
ccs accounting services,0
cej contractor accountants,0
cfo solutions,0
chadstone accountancy & tax,0
chariot house,0
charles mia,0
chuhan & singh partnership,0
circle three,0
cis tax advice,0
claire murphy,0
clarkes,0
cleverdale legal,0
clydegrove accountants,0
coates & company,0
coates solicitors,0
crossmans solicitors,0
ct accountancy services,0
cura accounting,0
d s & co.,0
dakeyne emms gilmore liberson,0
daniels rich,0
dar & co solicitors,0
darlington business services,0
datapost services,0
daud qadri & co,0
david fishel accountancy services,0
david herbert,0
daws accountancy services,0
ddj insolvency,0
debits and credits (21),0
decimal solutions,0
deleso,0
dolphin claims,0
douglas stephens & co,0
dyke yaxley,0
easypay,0
ellisfoster,0
eminence group of companies,0
emplex employment law consultants .,0
faith in finance,0
ferguson financial,0
figured in,0
financial analysis and consulting,0
financial management for schools,0
finanzn,0
finconsult,0
finex accountancy services,0
finexys,0
fitter figures,0
forensic legal services,0
fortis law,0
fostertax,0
fountain solicitors,0
fraser ross,0
frenger international,0
fshl,0
garbutt & elliott audit,0
gascoynes service charge accountants,0
gc bookkeeping and accounting services,0
gibson booth business solutions & insolvency,0
giles accounting services,0
golden dimensions,0
goldlink financials,0
goldstein legal,0
goodwills legal services,0
gpc financial management,0
graeme hinchliffe associates,0
greenhouse stirton & co,0
greyhound business systems,0
grieve & co,0
griffin law,0
growth plans,0
guide uk umbrella services,0
guild & guild,0
gull law chambers,0
gwyn james & co.,0
h & h accountants (ilminster),0
haleys business advisers,0
hall & hall solicitors,0
hallett employment law services,0
harcus sinclair uk,0
hardingredmans,0
harrigan the bookkeepers,0
hawkins hatton corporate lawyers,0
hawsons,0
haxell giddings,0
hb accountants,0
helderberg management,0
henry and banwell,0
hewetts law,0
hgc accountancy services,0
hlm secretaries,0
hodge bakshi,0
hood parkes & co,0
horizon accountancy services,0
hospitality accounting,0
hudson lees,0
hunt and partners,0
ian mallon solicitors,0
ingenious management,0
inishowen,0
ist systems,0
itax consulting uk,0
izco accounting solutions,0
j d reynolds & co.,0
j mackay accountants,0
j potter,0
james magee,0
james walsh accountant,0
jane sampson,0
jc independent wills & probate,0
jlp accounting,0
jmg accountancy services,0
joanne hughes & co,0
joe quinn tax,0
joint council for the welfare of immigrants,0
jon mail solicitors & co,0
joor,0
judge law consultancy,0
junofin services,0
k l (accountancy services),0
kate halliwell legal services,0
kc bookkeeping services,0
keepers accountancy,0
kelantan,0
kennedy cater,0
kesar & co .,0
killin ip,0
kings hill services,0
kingsmill accounting,0
kjw accountants,0
klr solicitors,0
kprm,0
kreston james cowper,0
kutter walters legal costs,0
lambeth law centre,0
lams accountancy,0
landlords tax services,0
lang bennetts,0
latin,34
latta law,0
laveer legal,0
lawdata,0
lawford business services,0
layzell solicitors,0
lcf law,0
legal4recruitment consultancy services,0
legax legal services,0
leon accountancy services,0
lerman quaile,0
linhart.,0
lisle advisory services,0
lloyd piggott,0
logjam,0
lymm tax,0
m a matin accounting,0
manuel swaden,0
mark cufflin,0
maxama,0
mayfield accountancy services,0
mcqueen turner,0
melanie lazarus & co solicitors,0
michael mcfall,0
millgate woodbridge,0
minihan mcalister,0
mks associates,0
morgwn atkins,0
msa law,0
murgitroyd & company,0
murrell associates,0
musker & garrett,0
mvn associates,0
my accountant online,0
my legal cashier,0
n sole practitioner,0
n. saha & co.,0
n.j. pedgrift & co,0
neil ellis consulting,0
newnhams,0
nexia smith & williamson audit,0
nicki paddy & co,0
njp solicitors,0
nm & co accountants,0
norgren legal,0
not just accounting,0
npa accountancy,0
nuama & co,0
oakleigh ip services,0
oakpark (uk),0
obc the accountants,0
one stop accident claims & taxi hire,0
onetouch accountancy solutions,0
optima management consultants,0
optimus patents,0
orchard solicitors,0
orla,1
otter accountants,0
oxlade & bond,0
p t davies & co,0
pas1993. .,0
paterson boyd & co,0
payeasy,0
payne financial,0
payroll-centre,0
pdr property lawyers,0
peachey & co (accountants),0
penbrook bookkeeping,0
pgr accountants,0
philip deane accountancy,0
pkb international,0
plymouth law society,0
prime accountancy solutions,0
prism recruitment and accountancy,0
pro-link global uk,0
quest accounting services,0
r&d tax solutions,0
ramsons,0
raymond's tax accountants,0
redferns,0
redrambler,0
reed accounts & tax,0
regent consultancy,0
resolve - tax and accounts,0
restons solicitors,0
rimmington thomson business and tax consulting,0
robert perry,0
roch accountants,0
rostrons accountants,0
ruffles & co,0
rushton hinchy solicitors,0
s. william wallace & company,0
sallork legal and commercial consulting,0
santra,0
savvides & co,0
sawhney & co,0
sawyer quine & co,0
scott vevers,0
scott-moncrieff & associates,0
scott-moncrieff,0
screatons,0
sestini & co,0
sethi & sethi,0
shahzad & co,0
shergroup,0
shilp,0
shiner mitchell fisher & co,0
singhania & co,0
sj & associates,0
sla consulting,0
smailes goldie turner,0
smith & associates,0
sokhi & associates,0
somek & associates,0
soxon accountancy,0
staffordshire family law solicitors,0
stamford bookkeeping,0
steve morris accountants,0
stevensdrake,0
strefford tulips,0
strum,13
styles accountancy services,0
sue matthews & co,0
summers law,0
susee,0
sussex accountancy and payroll services,0
swerve consulting,0
sylvia johnson,0
t.g. menary solicitors,0
tacconi green & co (2000),0
tamworth accountancy services,0
technical accounting services,0
templar tax advisers,0
tfs payroll solutions,0
the crow,2
"the law for business corporation,",0
the public procurement page,0
the solicitors chambers .,0
the surrey law society,0
the will writing company,0
third sector law,0
thorneycroft solicitors,0
tiernans solicitors (newry),0
tilbrook & co,0
tlam,0
tolson family law,0
total accounting & book-keeping services,0
touchcomp accounts,0
townley & co,0
tranter lowe,0
travlaw services,0
trevor powell accountancy,0
trident accountancy,0
trigg management,0
trousset fawcett,0
twinn accountants,0
ubt accountants,0
valleyfield accounting,0
vat specialists,0
walker-smith accountancy services,0
wanganui,0
wasson & co.,0
watson & colhoun omagh,0
wellfield accounting services,0
will and probate services (estate planning),0
writetax,1
wyatt morris golland,0
zbx consulting,0
4a law,0
4d financial,0
a cosma,0
aasha,0
ab accounting,0
abi consultancy,0
absolute legal costs,0
accounters,0
accounting and tax services jq,0
acde management,0
acorn legal,0
actar ellis brown & co.,0
actax accounting & tax services,0
acute financials,0
addis law,0
adler financial,0
adr audit,0
advice 1st,0
afc legal,0
ainsworths,0
aiteo consulting,0
alam and alam,0
alan t morley,0
albion accounting and taxation services,0
alcam associates,0
alcon,36
alexander myerson & co,0
allandon services,0
alpha bookkeeping company,0
alris,0
altavista consulting,0
aman solicitors advocates,0
amphletts solicitors,0
ams accounting services,0
andy clarke motor,0
aphaia,0
aps legal & associates,0
ardgour resources,0
armadale consulting,0
armida,0
asamai consulting,0
ashley alexander,0
ashley james solicitors,0
ashton roberts accountancy,0
aspen accounting associates,0
aspire accountancy services,0
asv accountancy,0
atkinsonhodgson solicitors,0
augustins,0
authentic services,0
aventus law,0
avraam associates,0
ayp advisory,0
"back office support solutions, .",0
baku,0
bank solicitors,0
barbican accountants,0
barrie ingram accounts,0
barton manor consulting,0
bassons,0
bd will writing service,0
bemment cooper (accountants),0
benson watkins & co,0
berkshire law chamber,0
bernadette kearns .,0
bezzant,0
bidwell accountancy,0
big sky financial,0
birchfields solicitors,0
bisley law,0
bk accounts,0
bland & wood services,0
boal anderson & co.,0
bob collyer & co,0
bonne gestion,0
borders employment law,0
bradley chilvers & co (accountants),0
brand mellon solicitors,0
bridge accountants,0
brighton and hove law .,0
brindley goldstein,0
british and irish legal information institute,0
bromley & orpington accountancy services,0
brook financial management,0
burnbecks,0
busy bee bookkeeping,0
c allan & son accountancy services,0
c.e. hill & co.,0
cairn trust management,0
carbon accountants,0
cary & co,0
cassells,0
castletree consultants,0
cathedral accountancy .,0
central accountancy services (tamworth),0
charles cook & company,0
charter tax consulting,0
chishti accounting,0
chronicle accountants,0
cirencester accountants,0
ckas,0
clasis law,0
clay shaw butler,0
cm legal solutions,0
compass bookkeeping & accountancy,0
convey law .,0
cost chambers,0
counters 4u,0
counting beans accounting,0
cox & browning,0
craggs & co,0
crane accountancy,0
crudden dolan,0
crusha,0
csk legal,0
curtis & co,0
cws accounting,0
datarek business services,0
davidson & shirley,0
diane hudson accountancy,0
diligent law,0
djs accountancy services,0
donovan atyeo,0
dorians solicitors,0
dpsaccounting,0
driscoll young,0
dse accountants,0
dudman shaw,0
duffy toshner & co,0
dunn & baker (exeter),0
edward howells associates,0
egan roberts,0
ejaz & co,0
elcons employment law consultants,0
eldridge & associates,0
ellyss,0
emmet j. kelly & co. solicitors,0
employment rights advice,0
ennova,0
eurotradezone,0
evans mockler,0
ezacs,0
fairbanks international (uk),0
family mediation,0
farringdon weald,0
field sullivan,0
first thought ip,0
fitness industry accountants,0
flynn & company accountants,0
focus financial consultants,0
forensic accounting services (edinburgh),0
franche,0
francis davies and partners,0
fyfe moir & associates,0
g2 insolvency,0
gabbs solicitors,0
gadsden ip,0
gallant maxwell,0
gb accountants,0
gc business lawyers,0
genus law,0
gerard maye legal,0
gfm group,0
ght services,0
gilbie roberts,0
glade law,0
glassbrooks,0
glenwest .,0
goddard dunbar & associates,0
goldsmith & hughes,0
good books accounting services,0
gotham,22
gpg (aylesbury),0
gregsons solicitors,0
hames partnership,0
hamilton reiss,0
hammel accountancy services,0
hanh nguyen,0
hanson ip,0
happy mechanics,0
harans & co,0
harold stock & co,0
harris & co (accountants),0
haworth holt bell,0
headspace accountancy,0
headway finance,0
helen sida,0
hem mahadeo,0
henry consulting,0
hewsons (uk),0
hillary cooper law,0
hollies solicitors and advocates,0
honest & bright company .,0
hope gates accounting services,0
hopkin murray beskine,0
hossain moorehead,0
hunt blake,0
hurleys solicitors,0
impact accounting services,0
inca gold,0
infolegal,0
inheritance claims,0
insolvency advice,0
inverness criminal defence lawyers,0
iqa immigration specialists,0
j & f accountancy,0
jackson & co. (fife),0
jakes consulting,0
james walsh,0
jc payroll services,0
jds accountants,0
jennor & co.,0
jhl accountants,0
jim woodhead (tax investigations),0
johnson accounting solutions,0
johnston kennedy,0
jordans corporate law,0
jr legal services,0
k.c. counts,0
kahoro consulting uk,0
kam yuen,0
kan-do accounting,0
kea accounting solutions,0
kea consulting and advisory,0
keeping count,0
kendrew pine,0
keogh caisley,0
khalil,0
kimball smith,0
kipco consulting,0
kirsam,0
kmp accountancy,0
kubelaw,0
kudos international network,0
kurtman manning & kaye co.,0
kvs accountancy services,0
l p (rmc accounts),0
lam & meerabux solicitors,0
landray & co,0
lass accounts,0
lauren fowler (legal),0
lbca,0
le mude,0
lean ip,0
lee consulting,0
lingualegal,0
linkfield claims service,0
linklaw solicitors,0
m raza & co .,0
m reale solicitors,0
main objective,0
major family law,0
manley turnbull,0
margaret river,0
maritime security operatives (mso) admin solutions,0
mark arber,0
mark grassam solicitors,0
marlow braide solicitors,0
martin schuman accountancy,0
maurice lake & co,0
mc curie tax accountants,0
mccarthy webb,0
mcentegart legal,0
mcf consultancy,0
mci (ireland),0
mcintosh law,0
medway accountancy and bookkeeping,0
mental health legal representation,0
mian & co,0
michael adamson & co,0
michael dunlop transport consultancy,0
milliken & co,0
milton capital,0
modiplus,0
morgan has solicitors,0
moss beachley mullem & coleman,0
mrim,0
mullans law accountants,0
murray and duncan,0
mwm (db),0
myers accounting services,0
netcast consulting,0
nigelmarks,0
no.1 solicitors,0
nomia law,0
north london accountancy,0
norton connor,0
nova costs,0
nucleus ip,1
number hut,0
numeric page,0
ocean air accountants,0
ollerenshaws,0
osro,0
outsourced accounting & payroll services,0
ozon solicitors,0
pagdin commercial,0
parker heath,0
parmentier arthur valuation services,0
pearson buchholz,0
peckham services,0
peter rayney tax consulting,0
phil owen and co,0
philip nickson & co,0
pixbox,0
powys accountants,0
prestige worldwide,0
prgx uk,0
princecroft willis,0
proactive bookkeepers (uk),0
production accounts,0
prolegal,0
psg energy,0
r & d tax claims,0
r and d tax specialists,0
raedan,0
rawcliffe & co,0
rb book - keeping,0
rco licensing,0
red and red,0
refreshing law,0
rega,53
rgc accountancy services,0
richardson nutt,0
rj twigg accountants,0
rjt solutions,0
rkc accountancy,0
robert berry accountants,0
roebucks solicitors,0
romato,0
rosemount accounting services,0
rs tax & accounting services,0
sa law chambers solicitors,0
saraya one,0
sayar accountancy services,0
scott duff & co,0
seafarers' rights international,0
sedgemoor accountancy services,0
sharples-accountants,0
shearer & co solicitors,0
shoreline services (medway),0
sidaways,0
silc,0
simon hyett accountancy,0
simple accounts,0
sisvel uk,0
small business accountancy company,0
snp plus,0
solicitor assist,0
speaking water brands,0
spicer hardy,0
spratt endicott,0
springfield rb & co,0
stanford law associates,0
stanton partnership,0
starlife,0
stephen j kettle and associates,0
stevenage accounting services,0
stork and stork,0
stoten gillam,0
strafford law,0
stratagem intellectual property management,0
strategic brief,0
style accountants,0
sunderland accountancy,0
superior accounting and tax solutions,0
susan jubb family law,0
swann systems,0
sydserff bookkeeping,0
systematic accountancy & tax,0
tailored accounts,0
tally up,0
taylor brown ellesmere port,0
tcs business services,0
the cashroom,0
the craighan partnership,0
the finance assistants,0
the hamilton portfolio,0
the sheffield and district law society,0
thompson & cooke,0
tina porter,0
tm accounting,0
tower hamlets law centre,0
towngate accountancy,0
tracx management,0
tudor payne & co.,0
turnbull associates,0
universa law,0
verity claims,0
vfm accounting,0
victoria corporate,0
vogan accountancy,0
walters and george accountants,0
waran & company,0
watson mann solicitors,0
ways and means,0
west and foster,0
whiteberry estate services,0
whitefields solicitors,0
willrite,0
willtax trust services,0
windward consulting,0
woodholme accountancy services,0
world connection,0
wsp legal,0
wyvern accountancy and bookkeeping services,0
york place company services,0
yorsolution,0
yousaf & co.,0
zen law,0
a4 accountant,0
abudey & co.,0
accendo accountants,0
accountancy and bookeeping,0
accountancy plus (dorset),0
accounted for,0
accounting and business solutions,0
accountplan,0
addlestone keane,0
adroit dispute resolution,0
adsec bookkeeping services,0
advamark group,0
afp services,0
aim capital flair,0
ajp accountancy,0
aks accounting services,0
alex milne law costing services,0
alexandrian solutions,0
alison vickers,0
allied marketing,0
altway,0
amg accountants,0
andrews kurth uk,0
andy ballard,0
anglesey accounting,0
anna goodwin accountancy,0
ap accounting,0
apl accountants,0
appleby and wood consulting,0
appleseed,0
ardhurst accountants,0
art accountants,0
ase accounts,0
ash immigration services,0
ashford rainham,0
astle paterson,0
aston clinton,0
atholl scott,0
atkins thomson,0
auditax midlands,0
aughton ainsworth,0
av assets,0
avs consulting,0
bailams insolvency practitioners,0
bailey punshon,0
balancing solutions,0
balat,0
banner and associates,0
bardsley accounting services,0
barton bookkeeping services,0
bch accountants,0
beckoffice,0
beezar,0
behegan lynes,0
belvoir business solutions,0
bennett verby,0
berkeley accountants,0
bestfeed,0
bfa accountants,0
bjp finance,0
black milk,0
blackbird financial,0
blackwater law,0
blue sapphire book-keeping,0
blue spire accountancy,0
bmv solicitors,0
bournemouth and district law society,0
boxall intellectual property management,0
bridge litigation uk,0
brighton tax consultancy,0
brm legal,0
brooks accountants,0
broome accounting,0
busy,11
butler & gee management .,0
cairn legal,0
cana consulting,0
caro taylor solicitors,0
catalyst trading,0
causeway law,0
ce consulting empresarial,0
certax accounting (marlow),0
chainbreaker,0
cham solicitors & co,0
charlotte nursey accountants,0
cheadle solicitors,0
cheltenham tax accountants,0
chicksand gordon avis,0
christchurch accounting services,0
citiplus,0
claritas accountancy,0
clark pritchard milton keynes,0
clarke rowe solicitors,0
clarkes solicitors,0
clay ratnage daffin & co,0
clear accounting advice,0
cloud based accounting,0
colin noon associates,0
collas crill (uk),0
competex payroll services,0
contrax management,0
cooden consulting,0
cooperselsby,0
cordery compliance,0
cornerstones solicitors,0
costware,0
crowther associates,0
cruickshank,0
crystal clear accounting,0
csd accountancy,0
cullen hammond,0
customs 558,0
curwen & co,0
dale and co solicitors,0
david a sutton & co,0
davison & co. accountants,0
dc tax and accounts,0
de novo legals,0
deadline,1
defence law,0
deluge,0
denarius consulting,0
dennemeyer & company,0
digitallawuk,0
diy law,0
dna accountancy,0
don roper accountant .,0
douglas jones accountants,0
dove law,0
east lancashire accountants,0
eden fyfe accounts,0
eden legal,0
ellisons solicitors,0
elm (environmental law),0
emma pickles accountants,0
england kerr hands solicitors,0
equal pay legal,0
everyman legal,0
expatriate tax advisory service,0
expertly drafted,0
exponent ip,0
express injury claim solutions,0
fairseat accountancy services,0
farm accounts,0
farrand-laine,0
fat cat media finance,0
feed the chicken,0
finance direction,1
finansa,0
fisher & co. (accountants),0
fitz solicitors,0
five smooth stones,0
flory,0
forrestbrown,0
fouette accountancy solutions,0
four fifty partnership,0
french duncan .,0
frenkels calculator,0
funancial training,0
g w jones & co,0
g2 advisory,0
gazzard accounts,0
gbrw expert witness,0
geens,0
genial systems,0
gmh accountants,0
gnr consulting,0
golding & associates,0
goodman king solicitors,0
goodmen,0
gpa accounting,0
grineaux accountants,0
grovely business solutions,0
gsd law,0
guy walmsley,0
hackney community law centre,0
halcyon accountants and business advisers,0
harvey roberts solicitors,0
haslaw & co,0
haworths,0
hb accountancy  plus,0
hdaccountancy.com,0
helm solicitors .,0
henderson accountants,0
hepburn delaney,0
hewlett swanson commercial law,0
higgins miller solicitors,0
highfield strand associates,0
higsons,0
hillgroves accountancy,0
hills solicitors,0
hmr consulting,0
hollingsworths solicitors,0
hooper heggarty & co,0
horizon corporate advisory,0
housego accountancy & taxation,0
houston business services,0
idelete,0
imagine business,0
independent forensic accounting,0
ingalls (kendal),0
ingress,0
j p jeffery,0
j.e. johnson,0
jade accountancy services (derby),0
james de frias,0
jern financials,0
jfl accountancy services,0
jma payroll services,0
john fletcher solicitors,0
john phillips & co,0
jordans trust company,0
jurnian,0
k2 ip,0
kaim todner solicitors,0
kak consulting,0
karian accounts,0
kati accounting & business,0
keith raffan & co,0
keith sandy & co,0
kevin french associates,0
kkp & co,0
knox insolvency,0
ksas,0
kuddus solicitors london,0
kwan chan accounting services,0
landau baker,0
larking gowen,0
lawconcierge,0
lawson taylor solicitors,0
lees accounting,0
legal advice centre (university house),0
legal assist uk,0
lescott courts,0
leslie franks solicitors,0
lexadeen solicitors,0
linksave,0
longfield capital,0
macdonald henderson,0
macdonald licensing (scotland),0
manchula,0
mancini legal,0
maria fogg family law,0
martin foster & co.,0
mathsole,0
mccallion keown solicitors,0
mccleary & company,0
mcguire + farry,0
merchiston solicitors,0
michael thompson accountants,0
mirage accountants,0
molnar international,0
monmouthshire incorporated law society(the),0
moore weston accountants,0
moray employment law,0
mtp accountancy services,0
multimanagement,0
music business associates,0
muzaffar associates,0
nahm,1
nasaa,0
nayyars solicitors,0
neat numbers bookkeeping services,0
needham poulier solicitors,0
new dawning account solutions,0
nigel b butler,0
nigel sharpe & company .,0
numbers balanced,0
nw accounts,0
obiter legal,0
one immigration,0
one stop tax,0
owain bebb a'i gwmni cyfyngedig,0
owg resourcing,0
patrafee uk,0
paul a hill & co,0
paul clewlow & co,0
peach wilkinson,0
pearlmans,0
pemberley accounting services,0
pendrigh makin,0
peritus finance,0
philip daulby (financial management),0
philomena's accountants & tax consultants,0
pir solutions,0
pitman blackstock white,0
plutos team,0
porter garland,0
positive solutions international,0
premier accountants & tax advisors,0
price pearson,0
prisma associates,0
proactive accounting & taxation services,0
prudentia bookkeeping,0
r gordon roberts laurie & co,0
r n williams & co,0
ramar accounting services,0
rangosch,0
raven taxation,0
read woodruff,0
relative accountancy,0
richard caley .,0
richard place dobson services,0
rosedale financial solutions,0
runu & co group,0
ryans,0
salam & co. solicitors,0
salutaris legal services,0
salvus law,0
sandwell accountancy services,0
sarah barclay solicitors,0
sawhney consulting,0
selective consulting,0
shanklys solicitors,0
shaw legal .,0
shaws group,0
shipleys tax,0
shires accountants,0
shropshire business support,0
simmons & company international,0
simplified accounting,0
simply additions,0
simpson & marwick (services),0
simpson accountancy,0
sinnett & tansley,0
skryba,0
sky accounting,0
smart accountants,0
solazzo & co,0
solis law,0
southwark law centre,0
spearpoint franks solicitors,0
stas,4
stone osmond,0
stonebridge global services,0
strata solicitors,0
svs solicitors,0
syntiro,0
t-a accounts,0
t4 tax,0
tanis jackson & co,0
targeted business solutions (sw),0
tax strategies,0
taylor minns,0
teesdale tax advisors (darlington),0
templetree finance,0
tessa davidson,0
thankey mahet legal,0
the chichester accountants,0
the financial fox,0
the in-house legal company,0
the payroll & tax accountants,0
themis lawyers,0
thomas flavell & sons,0
thornber employment law,0
tiare,0
tibbs accounting services,0
tim knight transport law,0
timothy hignett and partners,0
tom mckenna .,0
tonner johns ratti,0
tpf law,0
trist,1
turnstone law,0
ultimate costs,0
vat peace of mind,0
veja & co solicitors,0
veritau,0
viceroy law,0
w r frost & co,0
walters hawson,0
webb teasdale,0
well managed accounts,0
westridge accountants,0
williams may,0
wilson mckendrick solicitors,0
woco,0
1stopxbrl,0
a & l audit services,0
a bayton,0
a d patel & co,0
a j careless,0
a maqbool & co,0
a.s. greenstreet,0
aae accounting,0
abacus accountancy & taxation services,0
abbotswood taxation and accountancy services,0
abdullah & co,0
aberdein considine trustees,0
abil consultancy,0
academis finance,0
account tech,0
accubooks,0
accuro,0
ace accounting and financial services,0
adam joseph blake,0
adie & co,0
afforda,11
ago consultancy & accounting services,0
agreements,2
ah&co,0
akhter and company,0
akre management services,0
aktiv accounts,0
allium wood,0
alrob,0
altheis,0
amherst accountancy sevenoaks,0
amifa,0
andrew turford & co,0
archer rusby solicitors,0
arden accounting services,0
ariston,0
armond associates,0
armstrongs accountancy,0
armstrongs solicitors,0
ashbourne self-assessment services,0
association of certified public accountants (international)(the),0
atraxa consulting,0
authority legal,0
ayimach,0
bains & co solicitors,0
bala,39
barnes-lavers law,0
barristerweb,0
batys accountancy services,0
beaumont seymour,0
behan & co,0
"benson williams wills, probate and trusts",0
berkeley law,0
beyond wills,0
bhb law,0
bidwell henderson costs consultants,0
blackbooks accountancy,0
blue payroll solutions,0
blue penguin consulting,0
bookkeeping for busy businesses,0
booklynn bookkeeping,0
brayan and spencer associates,0
brody lee kershaw,0
bruce bowling & co.,0
brymer legal,0
bunthon,0
burlington law,0
burt brill & cardens,0
burton & burton solicitors,0
buttons accounting,0
c & g solicitors,0
calum i duncan corporate lawyers,0
cambridge patents,0
capital allowances advice,0
carthy accountants,0
cedar business solutions,0
channon solicitors,0
charles lovell & co.,0
charmes,0
chempney myers,0
chessman,0
church lane solicitors,0
cis tax savers,0
citrus accountancy,0
civil justice,0
cjk employment taxation,0
cl legal,0
clark jenner angove accountants,0
claydon accountancy,0
cloudco accountancy group,0
commercial and business lawyers,0
compensation lawyers (scotland),0
condicio,1
connoisseur consultants,0
cooper young,0
copia wealth & tax,0
corbett & co international construction lawyers,0
cotta & cush,0
craughwell & co,0
creaseys group,0
ct associates (kent),0
cxc protect,0
dac beachcroft (international),0
darroch accountancy,0
das law,0
david.w.t. birkin & co .,0
dc employment solicitors,0
decisis,0
"divorce, mediation & family law",0
dixcart international,0
dl haygarth,0
dlg legal services,0
dmo tax consultancy,0
dovey accountancy services,0
dua & co,0
dytas contracting services,0
e sims accountancy,0
electronic-tax,0
ellis & ellis,0
emes (international),0
equal ip .,0
etc tax,0
etonhedge consulting,0
eurotax,0
excelsior accounting,0
excluserv,0
express accounts (uk),0
facts and figures,0
fairfield search,0
faixa azul,0
ferguson logue,0
findon accountancy,0
firmgrip accountancy,0
flavaroma,0
flemons & co,0
fmc legal,0
forbes young contractor accountants,0
foulds solicitors,0
frazer coogans,0
froch consultancy,0
frs contractor solutions,0
g & k book keeping,0
gallagher and co. (accountants),0
gamlins law,0
garbetts (iow),0
gattorneys,0
gayle consultancy,0
gc management solutions,0
gibson accounting,0
gmh business services,0
golder baqa,0
goldstone tax,0
goldstones,0
grave solutions,0
greater manchester immigration aid unit,0
green accountancy,0
griffins business consultants,0
griffiths ings property lawyers .,0
groves media law,0
h & c lawyers,0
h.batra & co. solicitors,0
hamstead law practice,0
hare & co,0
harnett & co.,0
harris paley schone,0
heaney watson,0
helen bardle,0
hill wooldridge & co. .,0
hindle campbell,2
hughes collett,0
hughes fowler carruthers,0
hughes paddison,0
hyde & lewis,0
hylands accounting,0
icse,2
incisive accounting,0
integri-fd,0
irena spence & co,0
isca business services,0
ives & co solicitors,0
ivybridge accountants,0
j.d. bregman & co,0
james & uzzell,0
jane evans taxation,0
jenny barnes & co,0
jigsaw accountants,0
jmc accountants,0
jon child & co,0
joules law,0
jtb services,0
juniper accountancy,0
juno bookkeeping and accountancy solutions,0
kch barristers,0
kelley & lowe,0
khoo and company solicitors,0
khosla,0
kiteleys solicitors,0
kjm accountancy,0
langdowns dfk,0
langley & co. accountants,0
lanham and company,0
law connect solicitors,0
lcf residential,0
lea consulting,0
legal accounts,0
lexgate legal .,0
lime enterprises (banbury),0
llewellyn-jones,0
llg law,0
longworth forensic accounting,0
looboo,0
lupton fawcett leeds,0
macaroni accounting,0
macmahon leggate,0
malcolm holdaway legal,0
marke accountants,0
marsland,0
matthews hanton,0
maughans,0
mbl (business and tax advisers),0
mcgrath & law,0
mcgregors business services,0
mcintosh accountants,0
mealing and company,0
met accounting,0
michael j emery & co,0
michael w halsall solicitors,0
milburns solicitors,0
minahan hirst & co,0
mitchell & lennox,0
mitchell meredith,0
mkb law,0
moorevale properties,0
mph solicitors,0
mvh consultants,0
navistar legal,0
newland jones,0
newmans solicitors,0
newtons solicitors,0
nicholas barwell & co,0
nicholson payroll solutions,0
nihonbo,0
nilegal.com,0
nld accountancy,0
nurmen,0
oddpenny,0
olliers solicitors,0
omer adam finance,0
ortenz & co,0
paperchase accountancy,0
park mckillop & co,0
patrick kelly law,0
paul furrer & co,0
pennine kennedy,0
perfect figures,0
peter dunn & co,0
peterborough citizens advice bureau,0
plummer parsons accountants,0
ppg criminal law,0
primas law,0
primeglobal emea,0
probate,3
progressive accounts,0
qualitas payroll services,0
quantex,0
qubic tax,0
questus,0
radix legal & consulting,0
rausa mumford,0
rb contract services,0
red dot accountants,0
regico,0
reilly & co solicitors,0
reliant services,0
renvilles costs lawyers & consultants,0
resonant solutions,0
ribchesters,0
richard dunford,0
rjm solicitors,0
rns business solutions,0
rogers legal,0
rostance edwards,0
roxburgh milkins,0
rpg services,0
rtr business services,0
salmons solicitors,0
sandersons solicitors,0
seago & stopps payroll solutions,0
seals king & co.,0
seofon business services,0
shires defence solicitors,0
sibur business services,0
silva legal services,0
simeous,0
simon burn solicitors,0
simon coles,0
sipara,0
slade & cooper,0
sollertia,0
sorl in europe,0
sovereign business services,0
spelthorne bookkeeping,0
sphinx services,0
spk shah & co,0
staffordshire mediation,0
stark costing services,0
steer and co,0
stewart consulting,0
stockdale & reid,0
storrar cowdry & co,0
stroud bookkeeping services,0
style eidos,0
summerlin corporate services,0
swayne johnson,0
tacconi green & co.,0
talk mediation,0
taren,0
tax & advise,0
tax bureau london,0
tax unravelled,0
taxedo tax & accounting,0
taxidrivers & owners legal protection,0
taxmen,0
teesside law,0
tempo accounting,0
teraflex.co.uk,0
the bcs partnership,0
the legal concierge service,0
the legal practice,0
the tax advisor,0
the volensis group,0
the wheeler brown partnership,0
tim ghoorahoo,0
timber hill,0
toomey legal,0
toox,0
torringtons,0
tovey accountancy,0
tpr services,0
trade law matters,0
trust wills and probate,0
unity law,0
uttridge accounting,0
value added accountancy,0
venture 4th,0
verto group legal,0
vincents solicitors,0
vlt legal services,0
vw taxation,0
wadex,0
wallis payroll,0
wendy hopkins family law practice,0
west coast accountancy,0
wilford smith & co,0
winston hazelton & co,0
"witten law, .",0
woohoo.tax,0
xcel group .,0
yellow eyed penguin,0
yes accounting,0
your financial business support,0
zb business solutions,0
