url,vert_desc_prop,vert_desc_count,name_prop,name_count,is_bad_url
http://www.badurfoundation.org,0.052810903,195,0.000824619,727,0
http://www.halcyon-property.com.au,0.038330494,158,0.000607012,515,0
http://www.hotfootdesign.co.uk,0.101362862,1990,0.001632059,4442,0
http://www.shofaronline.org,0.075809199,1058,0.001569068,5159,0
http://www.ligularialtd.co.uk,0,,,,1
http://www.frankwrightmundy.com,0.101362862,1685,0.001735137,7480,0
http://www.hunter-global.com,0.064735945,377,0.000887611,2074,0
http://www.leopardmusicgroup.com,0,,,,1
http://www.advanced-actuators.com,0.086882453,486,0.001340007,2835,0
http://www.allenwilson.co.uk,0.071550256,482,0.001065133,1134,0
http://www.marston-sunbeam.org,0.082623509,411,0.001254109,1547,0
http://www.jcubed.co.uk,0.062180579,216,0.00080744,1050,0
http://www.lolaandgilbert.com,0.060477002,349,0.001151031,1239,0
http://www.surbitonelectricals.co.uk,0.066439523,588,0.001311374,1512,0
http://www.bridgeandivyfarms.co.uk,0.081771721,570,0.00121975,1749,0
http://www.wyverntechsupport.com,0,,,,1
http://www.drcforensics.co.uk,0.029812606,67,0.000532567,451,0
http://www.toyessentials.biz,0.063032368,449,0.000990689,1180,0
http://www.berkeleyexecutive.co.uk,0,,,,1
http://www.woodlandburial.org.uk,0.109028961,1251,0.001981377,6086,0
http://www.icart.com.au,0.055366269,262,0.000990689,1110,0
http://www.flexicold.co.uk,0,,,,1
http://www.rutlandprestigecentre.co.uk,0.088586031,850,0.00214172,4762,0
http://www.homeminders.net,0.046848382,456,0.000635644,1061,0
http://www.makingprojectswork.co.uk,0,,,,1
http://www.helipad.me,6.81E-03,53,0.000229061,306,0
http://www.dams.com,0.068143101,219,0.000830346,807,0
http://www.spencerivisondecorators.co.uk,0,,,,1
http://www.acerrenovations.com,0,,,,1
http://www.stevemorleyinvestigations.co.uk,0.070698467,623,0.001500349,1815,0
http://www.belgravebuildingservices.co.uk,0,,,,1
http://www.garagedoorsdirect.ie,0.033219761,217,0.000710089,1850,0
http://www.earlymorningmedia.co.uk,0.037478705,292,0.000670003,694,0
http://www.andrewblackhaulage.co.uk,0.094548552,1197,0.00186112,5728,0
http://www.softwearindustries.com,0.033219761,182,0.000584105,593,0
http://www.freedompicturecompany.co.uk,0.031516184,163,0.000503934,394,0
http://www.holiverprojects.co.uk,0.032367973,116,0.000618465,575,0
http://www.eventcovereducation.co.uk,0.017035775,50,0.000366498,168,0
http://www.sjhretaildesign.com,0.074105622,644,0.002181806,2589,0
http://www.rafaelgabriel.co.uk,0.051107325,221,0.000778807,982,0
http://www.lampsltd-durham.com,0.025553663,119,0.000515387,370,0
http://www.afanvalechocolates.co.uk,0.103918228,1592,0.002130267,5283,0
http://www.highamantiques.com,0.059625213,438,0.001236929,2803,0
http://www.ibridge.co.uk,0.095400341,597,0.00135146,2275,0
http://www.ruddlesden.co.uk,0.042589438,319,0.000887611,934,0
http://www.aragami.co.uk,0,,,,1
http://www.hannyeng.com,8.52E-04,1,8.59E-05,23,0
http://www.avionicssupport.com,0.024701874,72,0.000389404,312,0
http://www.phoenixautobody.co.uk,0.039182283,256,0.000830346,1204,0
http://www.luxbrightsolutions.com,0.072402044,402,0.00133428,5363,0
http://www.gunlakepetlodge.com,0.057921635,292,0.001374366,4251,0
http://www.reactrecruit.co.uk,0.058773424,346,0.000738722,872,0
http://www.albanylettings.com,0.105621806,1402,0.001654965,4204,0
http://www.eatoninvest.co.uk,0.037478705,135,0.000555473,412,0
http://www.reynoldsfinancial.co.uk,0.058773424,772,0.0015977,3764,0
http://www.alexandertaylorcakes.co.uk,0.055366269,341,0.000933423,1312,0
http://www.britishamericanchamberofcommerce.com,0.066439523,316,0.001305647,3907,0
http://www.keydrive.co.uk,0.074105622,398,0.001277015,2208,0
http://www.chancellorfinancial.co.uk,0.062180579,477,0.001563341,2101,0
http://www.razorbackconstruction.com.au,0.037478705,123,0.000435216,246,0
http://www.caley-fisheries.co.uk,0.094548552,540,0.001047954,1098,0
http://www.bristol.aero,0.049403748,250,0.000830346,1273,0
http://www.wills-and-trusts.co.uk,0,,,,1
http://www.transclaims.com,0.022146508,60,0.000383677,200,0
http://www.spacesurfer3d.com,0,,,,1
http://www.wetherbyglass.com,0.093696763,1176,0.001964198,5579,0
http://www.equiphase.net,0.055366269,343,0.000990689,1373,0
http://www.greenurban.co.uk,0.091993186,806,0.001471717,2438,0
http://www.shaystadiumcommunityfootball.co.uk,0.070698467,332,0.001191117,1426,0
http://www.corneliani.com,1.36E-02,26,0.000423763,229,0
http://www.kteq.co.uk,0.044293015,179,0.000979236,871,0
http://www.mydayfeeds.co.uk,0.045996593,180,0.000750175,894,0
http://www.icecube.com,0.063032368,602,0.001254109,2170,0
http://www.houselets-ltd.co.uk,0.042589438,185,0.000715816,638,0
http://www.bournemouthenviromentalclean.co.uk,0.04088586,139,0.000601285,446,0
http://www.jonathangreenstudios.com,0.060477002,547,0.00121975,2590,0
http://www.ashling.com,0.049403748,356,0.000813166,1342,0
http://www.fonality.com,0.093696763,1081,0.001443084,6288,0
http://www.naxparlab.com,0.056218058,342,0.001036501,1598,0
http://www.mikewellscars.co.uk,0.015332198,57,0.000503934,246,0
http://www.harmanhire.co.uk,0.025553663,91,0.000423763,321,0
http://www.lcrltd.com,0.107325383,536,0.001380092,2563,0
http://www.beem-uk.co.uk,0,,,,1
http://www.i-dna.sg,0.091993186,1540,0.00186112,5325,0
http://www.emblems-gifts.co.uk,0.082623509,1987,0.001826761,9660,0
http://www.littlestepschildcare.co.uk,0.057921635,469,0.000858979,1711,0
http://www.gunthorpeconsulting.com,0.028109029,111,0.00039513,304,0
http://www.pure-insight.com,0,,,,1
http://www.harbourway.com,0.085178876,495,0.001248382,2065,0
http://www.bentleyrowe.co.uk,0.057921635,151,0.000721542,716,0
http://www.securicabin.com,0.077512777,248,0.001036501,1336,0
http://www.smagnelia.wordpress.com,0.055366269,341,0.001569068,1371,0
http://www.greensourcesolutions.co.uk,0,,,,1
http://www.authlink.co.uk,0.029812606,118,0.000555473,339,0
http://www.rdaplawconsultants.com,0.118398637,1198,0.002050096,5740,0
http://www.stahs.org.uk,0,,,,1
http://www.tiverton-adventure-play-area.com,0.079216354,487,0.001454537,1718,0
http://www.fairbase.en.ec21.com,0,,,,1
http://www.curlywhirleezbolton.co.uk,0.067291312,547,0.001981377,2993,0
http://www.particletherapeutics.com,0,,,,1
http://www.mylegalcashier.com,0.062180579,311,0.000836073,710,0
http://www.crbarnes.com,0.051959114,417,0.001196844,1271,0
http://www.organicblends.co,0.066439523,838,0.00133428,2322,0
http://www.grenadierestates.co.uk,0.078364566,913,0.001408725,3509,0
http://www.taxtek.co.uk,0.02725724,55,0.000314959,115,0
http://www.prettyinplastic.com,0.092844974,1189,0.001981377,4670,0
http://www.vecogroup.ch,0.057921635,326,0.001133852,1668,0
http://www.aligngroup.co.uk,0.045144804,573,0.000778807,1175,0
http://www.brightfly.co.uk,0.088586031,784,0.00148317,3322,0
http://www.rowesupply.com,0.094548552,723,0.006047209,5758,0
http://www.sunandsnow.org,0.085178876,1554,0.001649239,10218,0
http://www.subbassonline.com,0.066439523,846,0.001277015,3174,0
http://www.grouptegula.co.uk,0.074105622,403,0.00095633,1384,0
http://www.bulkgsm.com,0.074957411,625,0.001517529,2474,0
http://www.rccconsulting.co.uk,0.053662692,486,0.000910517,1135,0
http://www.cloudbusiness.com,0,,,,1
http://www.davidbaxendalebuilders.co.uk,0,,,,1
http://www.antomicwoodworking.co.uk,0.058773424,208,0.000601285,414,0
http://www.integait.co.uk,0.074957411,373,0.001093766,1548,0
http://www.gas-tec.biz,0.059625213,179,0.000721542,431,0
http://www.thefoodpackagingbroker.com,0.02044293,53,0.000418036,263,0
http://www.britishcheloniagroup.org.uk,0.067291312,405,0.001139578,1593,0
http://www.horleylogistics.co.uk,0.057921635,383,0.001007868,1445,0
http://www.group5.co.uk,3.41E-03,8,0.000108804,38,0
http://www.acpgbi.org.uk,0.074957411,836,0.00133428,3367,0
http://www.webstar-health.co.uk,0.063032368,334,0.000910517,690,0
http://www.kusch.com,0.032367973,85,0.000624191,290,0
http://www.harris-consulting.co.uk,0.208688245,2701,0.002783091,6697,0
http://www.sterlingsterilisers.com,0,,,,1
http://www.atkinsonlambert.com,0.048551959,225,0.000962056,1151,0
http://www.bvamedia.com,0.074957411,586,0.00148317,2142,0
http://www.sqlrelay.co.uk,0.077512777,906,0.001494623,3578,0
http://www.marksburybags.com,0,,,,1
http://www.geminiroofing24.co.uk,0.082623509,1244,0.001477443,4347,0
http://www.realis3d.com,0,,,,1
http://www.qfori.com,0.101362862,1125,0.001408725,2416,0
http://www.insolvencysolutionsuk.com,0.085178876,1244,0.001563341,8719,0
http://www.shears-uk.com,0.035775128,153,0.00065855,538,0
http://www.centralillustration.com,0.039182283,146,0.000698636,600,0
http://www.womanhair.co.nz,0.044293015,260,0.000864705,1026,0
http://www.crafthost.us.ipaddress.com,0.068143101,713,0.001471717,3812,0
http://www.spencer-craig-partnership.org,0.060477002,416,0.001231203,1408,0
http://www.luxair.co.uk,0.067291312,632,0.001271288,2027,0
http://www.timelesstechnologiesltd.net,0.071550256,208,0.000967783,957,0
http://www.whiskyworld.sg,0.083475298,1295,0.001866847,4917,0
http://www.urbancoastcafe.co.uk,0,,,,1
http://www.ivent.co.nz,0.04088586,96,0.000452395,314,0
http://www.fluytltd.com,0.052810903,197,0.001305647,2193,0
http://www.rugbydoubleglazing.co.uk,0.052810903,160,0.000801713,589,0
http://www.pwadvice.org,0.041737649,242,0.000944876,1335,0
http://www.quintessentiallyestates.com,0.091993186,1035,0.001574794,2630,0
http://www.ecostatconsulting.co.uk,0.017887564,105,0.000446669,281,0
http://www.placemakers.co.nz,0.127768313,1526,0.001563341,4031,0
http://www.topgeargokarts.co.nz,0.063884157,347,0.000910517,874,0
http://www.miresh.co.uk,0,,,,1
http://www.uk.pearson.com,0,,,,1
http://www.arocha.org.uk,0.095400341,862,0.001758043,4351,0
http://www.sjpcontracts.co.uk,0.045144804,181,0.000727269,824,0
http://www.regionaldevelopment.co.uk,0.05451448,236,0.000916244,1070,0
http://www.impellus.com,0,,,,1
http://www.imagebuildltd.co.uk,0.030664395,192,0.000481028,689,0
http://www.filtrationservices.co.uk,0.151618399,14524,0.003430188,82964,0
http://www.thelifeworkshub.com,0.04770017,584,0.001196844,2188,0
http://www.hitsfoundation.net,0.060477002,495,0.00118539,2275,0
http://www.proteccontrols.com,0.101362862,991,0.001815308,3377,0
http://www.praxiswealthmanagement.com,0.074105622,560,0.00148317,2141,0
http://www.advanced-learning.co.uk,0,,,,1
http://www.advantageyouwealth.com,0.043441227,236,0.000893338,1085,0
http://www.exnntech.co.uk,0,,,,1
http://www.severnvets.co.uk,0.068143101,256,0.000881885,741,0
http://www.adeptioltd.com,0.029812606,95,0.000498208,354,0
http://www.accringtongrinding.co.uk,0.045996593,494,0.000950603,1854,0
http://www.footfalls.limited,0.024701874,64,0.000309232,254,0
http://www.rangamati-textiles.co.uk,0,,,,1
http://www.harringtonsfurniture.com,0,,,,1
http://www.albertprendergast.com,8.52E-03,17,0.000120257,32,0
http://www.a-star-tutors.co.uk,0.025553663,154,0.000521114,735,0
http://www.josheppardrecruitment.com,0.053662692,213,0.000778807,700,0
http://www.theoasischurch.org.uk,0,,,,1
http://www.wellknown.net.in,0.060477002,216,0.000979236,746,0
http://www.amcdesignhouse.com,3.41E-03,7,0.000206155,60,0
http://www.russelljones.org,1.28E-02,93,0.000223334,351,0
http://www.almaproducts.co.uk,0.024701874,84,0.000515387,332,0
http://www.asoup.com,0,,,,1
http://www.olivercarty.ie,0.034923339,515,0.000836073,1783,0
http://www.erjgarageequipment.uk,0,,,,1
http://www.viva-law.com,8.52E-03,22,0.000143163,41,0
http://www.aernnova.com,0,,,,1
http://www.neonconsulting.com.au,0.040034072,178,0.000566926,410,0
http://www.jmcxy.en.forbuyers.com,0.025553663,115,0.00054402,537,0
http://www.windowcare-doubleglazingrepair.co.uk,0.099659284,789,0.002204712,3092,0
http://www.europesportsmanagement.com,0.021294719,66,0.000435216,329,0
http://www.bezzant.co.uk,0.079216354,382,0.00108804,1476,0
http://www.taybridgeconsulting.com,0,,,,1
http://www.alfredtear.co.uk,0.077512777,863,0.002365054,5318,0
http://www.pe-generators.co.uk,0.055366269,324,0.000870432,761,0
http://www.mychangingskin.com,0.051959114,593,0.001322827,1916,0
http://www.faxi.co.uk,0.074957411,453,0.001368639,2336,0
http://www.wtknowles.co.uk,0.078364566,361,0.001076587,1387,0
http://www.recyclingdestruction.co.uk,0.069846678,387,0.000984962,1347,0
http://www.risemutual.org,0.088586031,1147,0.001758043,6467,0
http://www.wearefutureproofs.com,0.093696763,627,0.001689325,2708,0
http://www.silverstoneperformance.weebly.com,0.038330494,193,0.000698636,694,0
http://www.atopixtherapeutics.co.uk,0.022146508,63,0.000423763,273,0
http://www.broadreachpsychology.co.uk,0.056218058,376,0.001002142,1169,0
http://www.play.twidaq.com,0,,,,1
http://www.weenybikini.com,0,,,,1
http://www.hamillhomes.co.uk,0.044293015,205,0.000704362,866,0
http://www.sigmascience.co.uk,0,,,,1
http://www.alingtonruthin.com,0.073253833,429,0.001242656,1944,0
http://www.environmentalservicesdesign.co.uk,0.071550256,1063,0.001271288,3183,0
http://www.luisvidal.com,0.06132879,322,0.001110946,945,0
http://www.hamiltonhodell.co.uk,0.033219761,360,0.000870432,1711,0
http://www.sallyandsarahcare.co.uk,0,,,,1
http://www.peptechcorp.com,0.083475298,705,0.009425859,13059,0
http://www.massracing.co.uk,0.02725724,306,0.00118539,1882,0
http://www.pluralbase.com,0,,,,1
http://www.woodbrook.co.uk,1.28E-02,31,0.000377951,202,0
http://www.sosnetworksolutions.co.uk,0,,,,1
http://www.telstra.com.au,0.089437819,1147,0.001557615,3229,0
http://www.etrs-stebbing.com,0.04088586,365,0.000813166,966,0
http://www.pocketenterprises.com,6.81E-03,14,0.000143163,57,0
http://www.bst.co.nz,0.084327087,618,0.00148317,2238,0
http://www.hlengineers.co.uk,0.082623509,554,0.002050096,1826,0
http://www.taidyfihomes.co.uk,0.031516184,117,0.000440942,353,0
http://www.kerryscreativecakes.co.uk,0.078364566,621,0.001139578,1889,0
http://www.dallasdesignsltd.co.uk,0,,,,1
http://www.binarynation.com,0.028109029,75,0.000618465,599,0
http://www.oilsense.co.uk,1.28E-02,36,0.000584105,236,0
http://www.lloydcloughplastering.co.uk,0.094548552,1121,0.001941292,2840,0
http://www.dogshome.net,0.060477002,747,0.001294194,3134,0
http://www.studenttenant.com,0,,,,1
http://www.dave-jolles.branded.me,0,,,,1
http://www.akenside.co.uk,0.043441227,308,0.000962056,1393,0
http://www.leevalleypaddlesportsclub.org,0.077512777,1100,0.001546162,4396,0
http://www.mustardcatering.com,0.063032368,513,0.00108804,1635,0
http://www.theshutterhouse.com,0,,,,1
http://www.rooftekltd.co.uk,0,,,,1
http://www.swampdemon.com,1.45E-02,28,0.000240514,73,0
http://www.gridinfoltd.co.uk,0.071550256,316,0.001047954,1107,0
http://www.lapponia.com,0.068994889,578,0.00135146,2596,0
http://www.m3amg.com,0.04088586,105,0.000641371,340,0
http://www.integrate.biz,0.056218058,305,0.000836073,804,0
http://www.colinfrancisbuilders.co.uk,4.26E-03,6,9.74E-05,28,0
http://www.qualityrosettes.co.uk,0.045996593,127,0.000893338,751,0
http://www.conradimorrison.com,7.67E-03,19,0.000200428,55,0
http://www.carringtonbond.co.uk,5.96E-03,22,0.000120257,78,0
http://www.gohilltrading.co.uk,0,,,,1
http://www.synex.com,0.072402044,836,0.001036501,2644,0
http://www.dirtt.net,0.097103918,671,0.001454537,2649,0
http://www.spaced.biz,0.056218058,819,0.000904791,1751,0
http://www.themerchantfox.co.uk,0.049403748,294,0.00107086,926,0
http://www.limesystems.com.au,0.052810903,189,0.000721542,530,0
http://www.jaadu.co.uk,0.051959114,393,0.001042227,1194,0
http://www.bownbuilds.com,0.040034072,106,0.000515387,338,0
http://www.bartoncarlyle.com,0.074957411,397,0.001357186,1594,0
http://www.fabricast.co.uk,0.096252129,688,0.00105368,1304,0
http://www.tnielsen.co.uk,0.069846678,637,0.001036501,3409,0
http://www.creative8ltd.com,0.068143101,315,0.000818893,806,0
http://www.smslab.co.uk,0.067291312,901,0.001025048,2565,0
http://www.anikaengineering.com,0,,,,1
http://www.cohartuk.com,0.066439523,574,0.001231203,2386,0
http://www.power-talk.com,0.030664395,102,0.000652824,361,0
http://www.turriffprintingservicesab53.co.uk,0,,,,1
http://www.houseofbruar.com,0.134582624,1999,0.002090181,5740,0
http://www.w2kontario.com,0.056218058,213,0.001002142,1351,0
http://www.flairforwarding.co.uk,0.107325383,1096,0.001849667,3975,0
http://www.thepropertyboss.co.nz,0.075809199,399,0.001374366,2247,0
http://www.biosafe-medical.co.uk,0.06132879,1218,0.001368639,5009,0
http://www.oculusfacades.com,0.034923339,92,0.000572652,311,0
http://www.mia-and-me.com,0.063884157,387,0.001110946,1525,0
http://www.mbmcp.com,0.048551959,170,0.000767354,555,0
http://www.heanorhaulage.co.uk,7.67E-03,22,0.0002806,161,0
http://www.uria.com,0.102214651,493,0.001843941,2979,0
http://www.2cl.co.uk,0.091141397,1105,0.001231203,4161,0
http://www.morefresh.co.uk,0.075809199,814,0.001259835,2435,0
http://www.westsussexmotorcyclehire.co.uk,0.086030664,842,0.001380092,2898,0
http://www.bwcfire.com,0.057921635,276,0.000899064,707,0
http://www.armkor.co.uk,0,,,,1
http://www.dcpsurveyingservices.com,3.41E-03,5,5.73E-05,17,0
http://www.hoffmansmiles.com,0,,,,1
http://www.insightdolphin.co.uk,0,,,,1
http://www.acemovers.co.uk,0.079216354,699,0.002353601,3116,0
http://www.tejcontrol.com,0.04088586,174,0.000578379,756,0
http://www.certcon.org,0.072402044,474,0.001311374,1773,0
http://www.watstonforestry.co.uk,0.066439523,715,0.001282741,1840,0
http://www.enspiresolutions.co.uk,0.070698467,492,0.001924112,1563,0
http://www.welwyngardenalarms.co.uk,0.050255537,288,0.000990689,1473,0
http://www.tapfunhouse.com,5.96E-03,15,8.59E-05,24,0
http://www.martintiano.co.uk,0.051107325,233,0.000681456,626,0
http://www.abbeyfieldbasildon.com,0.085178876,2437,0.001895479,10556,0
http://www.hatrickbruce.co.uk,0.066439523,568,0.000899064,1275,0
http://www.charmouthcaravans.co.uk,0.071550256,2618,0.001712231,5170,0
http://www.flatiron.ca,0.091141397,482,0.001145305,1645,0
http://www.leighbrothers.com,0.044293015,217,0.000824619,860,0
http://www.petercoopergroup.co.uk,0.02725724,75,0.000475302,327,0
http://www.allcarservicingarmthorpe.co.uk,6.81E-03,12,6.30E-05,19,0
http://www.cge.com.au,0.089437819,1201,0.001626333,4184,0
http://www.carolinescookery.co.uk,0.055366269,626,0.001173937,2770,0
http://www.universal-crane-mats.com,0.096252129,776,0.00146599,3078,0
http://www.blincdigitalarts.com,0.045996593,294,0.000761628,1120,0
http://www.oldhamglass.co.uk,0.089437819,1110,0.001717957,4882,0
http://www.friskafood.com,0.072402044,583,0.00121975,2137,0
http://www.platform1online.com,0.066439523,670,0.001385819,3309,0
http://www.simbacapital.com,0.068143101,475,0.001918386,1458,0
http://www.psrlighting.com,0.04770017,586,0.000864705,1536,0
http://www.yoomoo.com,0,,,,1
http://www.ophprop.co.za,0.057921635,567,0.000864705,1661,0
http://www.ministeps.co.uk,0.052810903,455,0.001059407,2459,0
http://www.copas.org,0.086030664,651,0.001168211,1541,0
http://www.vlccwellness.com,0.017035775,30,0.000418036,217,0
http://www.ordino-tf.co.uk,0.044293015,205,0.000841799,798,0
http://www.southchurch.co,0.02044293,95,0.000400857,390,0
http://www.velocitybaits.com,0,,,,1
http://www.sit.com.mt,0.074957411,926,0.001494623,4034,0
http://www.durham-design.co.uk,0.065587734,440,0.00118539,1643,0
http://www.techman-engineering.co.uk,0.068994889,227,0.000824619,746,0
http://www.derbycar-repairs.co.uk,0.081771721,604,0.001912659,2646,0
http://www.mgtpower.com,0.065587734,548,0.001534708,2590,0
http://www.insurancesurrey.co.uk,0.075809199,719,0.001368639,2576,0
http://www.swlautograss.co.uk,0,,,,1
http://www.tiger-rf.com,0.052810903,148,0.000858979,616,0
http://www.ifscurrency.com,0.033219761,143,0.000864705,957,0
http://www.quastelassociates.com,0.02725724,70,0.000435216,250,0
http://www.citysocialwifi.com,0.089437819,1586,0.00135146,4713,0
http://www.vrum.co,0,,,,1
http://www.dgc-developments-limited.co.uk,0.074105622,768,0.001477443,2381,0
http://www.straight8uk.com,8.52E-04,1,8.59E-05,23,0
http://www.sybarisinteriors.co,0.077512777,610,0.002250524,2507,0
http://www.dowsonfoodmachinery.co.uk,0,,,,1
http://www.business-lunches.com,0.092844974,1638,0.001826761,6535,0
http://www.fairy-fashion.com,6.81E-03,29,0.000286326,256,0
http://www.johnkirkham.eu,0.02044293,54,0.000366498,198,0
http://www.cherithsimmons.co.uk,0.110732538,3989,0.002342148,13924,0
http://www.turnwaterltdleominster.co.uk,1.36E-02,33,0.000349318,163,0
http://www.asirihospitals.com,0.085178876,1023,0.001294194,2661,0
http://www.wepsolutions.co.in,0.063032368,1384,0.002468132,6579,0
http://www.cadzowhh.co.uk,0.085178876,1035,0.001311374,3678,0
http://www.eastmallingtrust.org,8.52E-03,23,0.000166069,62,0
http://www.fivebyfivesolutions.com,0,,,,1
http://www.theheritagewardrobecompany.com,0.079216354,808,0.00148317,3902,0
http://www.rocktownsend.co.uk,0.086030664,12165,0.001912659,31062,0
http://www.exoticcars.co.uk,0.043441227,217,0.000761628,834,0
http://www.tenneco.com,0.086882453,747,0.001632059,2596,0
http://www.doverstreetentertainment.com,0.101362862,1489,0.002113087,6538,0
http://www.transgo.org,0.104770017,843,0.001683598,3115,0
http://www.loudounhillcontractsltd.co.uk,5.11E-03,7,4.01E-05,10,0
http://www.mclmenterprise.co.uk,0,,,,1
http://www.bidvest.com,0.089437819,1035,0.00146599,3743,0
http://www.bryonykimmings.com,0.025553663,55,0.000492481,240,0
http://www.northdevonmovingimage.org.uk,0.098807496,1956,0.001815308,6906,0
http://www.worldwidefoodsourcing.co.uk,0.031516184,75,0.000595559,492,0
http://www.ilgbusiness.co.uk,0.078364566,1052,0.001357186,2446,0
http://www.scangl.com,0.068994889,588,0.001340007,2065,0
http://www.coxwelldomes.in,0.051959114,334,0.00107086,1624,0
http://www.bussms.co.uk,3.41E-03,5,7.44E-05,25,0
http://www.innocomholding.com,0.115843271,2953,0.002055822,14153,0
http://www.impactequipment.co.uk,0.03407155,158,0.000446669,469,0
http://www.miragedistribution.com,0.015332198,25,0.000257694,126,0
http://www.marlborough-training.co.uk,0.063032368,222,0.001019321,2261,0
http://www.stowmaries.org.uk,0.072402044,506,0.001242656,2200,0
http://www.takenet.de,0.058773424,638,0.001254109,2223,0
http://www.marinertradingcompanyinc.com,0.068143101,477,0.001322827,2089,0
http://www.sanfordcoop.org,0.045144804,212,0.000698636,784,0
http://www.mearnscompany.com,0.059625213,672,0.001242656,3396,0
http://www.accentus-cardiac.com,0.045144804,228,0.000950603,2007,0
http://www.abbeybuilderscontractors.co.uk,0.077512777,296,0.000813166,688,0
http://www.melkboerdienste.co.za,0.05451448,298,0.000904791,1231,0
http://www.daval-construct.com,0.042589438,233,0.000572652,510,0
http://www.hornsinnchurchtown.co.uk,0.051107325,201,0.000910517,922,0
http://www.northronaldsayyarn.co.uk,0.029812606,85,0.000555473,430,0
http://www.dhdrawings.com,0.065587734,386,0.001156758,1491,0
http://www.martexpaints.co.uk,0.02725724,229,0.000607012,887,0
http://www.podeum.co.uk,0.038330494,133,0.000532567,343,0
http://www.aware-ni.org,0.055366269,470,0.00092197,1674,0
http://www.globalauto.co.in,0.051959114,213,0.000853252,757,0
http://www.highlanderinternational.co.uk,0.117546848,997,0.00186112,2347,0
http://www.oliverandsanders.co.uk,0.079216354,470,0.001191117,1600,0
http://www.dpconnect.co.uk,0.093696763,1154,0.001643512,3651,0
http://www.historyworks.tv,0.057921635,398,0.000692909,777,0
http://www.hampshire-garden-machinery.co.uk,0.099659284,2262,0.001620606,4719,0
http://www.shazament.com,0.077512777,658,0.001179664,3907,0
http://www.biasi.co.uk,0.068143101,817,0.001271288,1907,0
http://www.fieldingandnicholson.com,0.042589438,161,0.000773081,939,0
http://www.rinox.in,0.06132879,482,0.001231203,2218,0
http://www.auroradeaf.org,0.044293015,217,0.000893338,1265,0
http://www.abbeyasphaltroofing.co.uk,0.070698467,456,0.00118539,1422,0
http://www.caldera-it.co.uk,0,,,,1
http://www.krmcontractorsnewport.co.uk,0.066439523,570,0.001128125,1733,0
http://www.restructltd.co.uk,0.06132879,245,0.000899064,692,0
http://www.tastefool.co.uk,0.034923339,182,0.000549746,564,0
http://www.biggroup.co.uk,0.053662692,225,0.000732995,695,0
http://www.aseuconsult.com,0.028960818,92,0.000429489,444,0
http://www.dandelionantiques.co.uk,0.082623509,624,0.001958471,2715,0
http://www.thamessecurity.net,0.080068143,772,0.001425905,2360,0
http://www.pottercowan.com,0.067291312,245,0.000984962,909,0
http://www.logoman-hk.weebly.com,0.046848382,414,0.000916244,1554,0
http://www.robertnuttallfuneralservice.co.uk,0,,,,1
http://www.jonraybuilding.co.uk,0.046848382,110,0.000566926,262,0
http://www.ithacabusiness.biz,0.030664395,130,0.000778807,858,0
http://www.businessvector.com,0.049403748,283,0.000773081,508,0
http://www.prtfoods.co.uk,0,,,,1
http://www.canlogic.co.uk,0.065587734,1032,0.001248382,3646,0
http://www.rodial.co.uk,0.082623509,1557,0.00146599,5434,0
http://www.aspire-mobile.com,0.017887564,44,0.000332138,133,0
http://www.luminescence.co.uk,0.068994889,590,0.001265562,2485,0
http://www.intermixonline.com,0.102214651,3738,0.002359328,16994,0
http://www.lloydsbankfoundation.org.uk,0.078364566,1036,0.001431631,3253,0
http://www.urbansportsfitness.co.uk,0.066439523,674,0.001093766,1705,0
http://www.lordritewoodenfloors.co.uk,0.028109029,105,0.000463848,313,0
http://www.ocolimited.co.uk,0.070698467,315,0.001105219,1977,0
http://www.lbe2016.co.uk,0.222316865,2534,0.002926254,8842,0
http://www.colchesteraps.org,0.055366269,494,0.000836073,1453,0
http://www.peterboroughgardenpark.co.uk,0.097955707,998,0.001551888,3796,0
http://www.vlaseaccountingservices.co.uk,0,,,,1
http://www.ac-cess.com,0,,,,1
http://www.southnet.co.uk,1.45E-02,34,0.000355044,190,0
http://www.freewall.co.uk,0.070698467,431,0.001019321,1179,0
http://www.wigmoreschool.org.uk,0.073253833,1302,0.00161488,6353,0
http://www.beechbrae.co.uk,0.056218058,274,0.00095633,1241,0
http://www.searchlightcap.com,0,,,,1
http://www.refix.co.uk,0,,,,1
http://www.awcowangroundworksltd.com,0.057069847,363,0.000870432,1347,0
http://www.aquascorp.co.uk,0.059625213,511,0.001357186,1407,0
http://www.haunted-media.com,0.098807496,816,0.001838214,2890,0
http://www.successfulsign.com,3.41E-03,5,0.000108804,39,0
http://www.thelightbulbapprenticeships.com,0.082623509,897,0.001305647,2304,0
http://www.bdmsolutions.co.in,1.45E-02,49,0.000423763,507,0
http://www.haiku.co.nz,0.069846678,432,0.001265562,1664,0
http://www.communitylinksbromley.org.uk,0.058773424,440,0.00120257,1948,0
http://www.caldecottfostering.co.uk,0.087734242,965,0.001964198,4463,0
http://www.wtlholidays.com,0.057921635,256,0.000950603,751,0
http://www.lrn.com,0.062180579,421,0.001105219,2428,0
http://www.kayaksandpaddles.co.uk,0.079216354,508,0.000893338,1394,0
http://www.afsltd.co.uk,0.074105622,676,0.001145305,2245,0
http://www.touchwerks.com,0,,,,1
http://www.desertfoxclothing.com.au,0,,,,1
http://www.nga-ltd.com,7.67E-03,21,0.000166069,79,0
http://www.fleetcam.co.uk,0,,,,1
http://www.redkiteconstruction.com,0.048551959,311,0.000784534,545,0
http://www.3bordersscaffolding.co.uk,0.058773424,216,0.00080744,846,0
http://www.candocubes.com,0.074957411,651,0.001402998,2631,0
http://www.atumit.com,0.067291312,336,0.000973509,1468,0
http://www.ecisystems.co.in,0.029812606,73,0.000561199,308,0
http://www.bridgewaterconsultancy.com,0.042589438,386,0.000738722,1087,0
http://www.onairmedia.co.uk,0.074105622,534,0.001952745,1815,0
http://www.aptusmedical.ie,0.022998296,89,0.000366498,258,0
http://www.actonjennings.com,0.080068143,328,0.001162484,1119,0
http://www.wildco.co.uk,0.079216354,1089,0.001488896,3931,0
http://www.laevehiclerental.co.uk,0.05451448,199,0.000727269,796,0
http://www.netplusng.com,0.017035775,39,0.000274873,114,0
http://www.vegtrug.com,0.080068143,648,0.001179664,2684,0
http://www.lambtonarch.co.uk,0,,,,1
http://www.jouleconsultingengineers.co.uk,0.028109029,60,0.000418036,247,0
http://www.kulakuts.co.uk,0.051107325,461,0.001448811,3125,0
http://www.volvoxworldwide.com,6.81E-03,11,0.000234787,133,0
http://www.cherwelledgegolfclub.co.uk,0.074105622,1015,0.001769496,4355,0
http://www.mirageeventsuk.com,0.057069847,563,0.001013595,1951,0
http://www.purleyparktrust.org,0.04088586,405,0.000916244,1764,0
http://www.southayrshirebefriending.org,0,,,,1
http://www.ambience.co.in,0.016183986,61,0.000429489,343,0
http://www.baasia.com,9.37E-03,13,0.000349318,131,0
http://www.proquipgolf.com,0.090289608,1537,0.001998557,6842,0
http://www.quantumss.co.uk,0.035775128,130,0.000681456,574,0
http://www.dorsethealthcare.nhs.uk,0.067291312,491,0.00118539,1535,0
http://www.jwanan.com,0.045144804,233,0.001758043,1533,0
http://www.glenclydewhisky.co.uk,0.017887564,119,0.000521114,801,0
http://www.sescd.com,0.04770017,186,0.000584105,633,0
http://www.smartartworkshop.co.uk,0.028960818,135,0.000383677,200,0
http://www.samborek.net,0,,,,1
http://www.argaty.cylex-uk.co.uk,0.063032368,354,0.001116672,1348,0
http://www.stratfordlimeshotel.com,0.075809199,729,0.002370781,3208,0
http://www.flamehardeners.co.uk,0.042589438,275,0.001385819,1893,0
http://www.aimarfoundation.org,0,,,,1
http://www.tmrf.co.uk,0,,,,1
http://www.kestreltech.co.uk,0.060477002,217,0.000904791,907,0
http://www.andrewjonesbroadcast.com,0.065587734,851,0.001236929,4345,0
http://www.bankfieldcarelimited.co.uk,0.046848382,391,0.000990689,2147,0
http://www.aibfoods.co.uk,5.96E-03,15,0.000125984,121,0
http://www.htrecycling.co.uk,0.018739353,41,0.000389404,229,0
http://www.wyseoil.co.uk,0.064735945,228,0.000927697,954,0
http://www.standard4.com,0.078364566,301,0.001299921,1420,0
http://www.collinsearthworks.co.uk,0.045144804,210,0.000710089,778,0
http://www.plg.uk,0.098807496,2188,0.002032916,6742,0
http://www.hillingdonchamber.co.uk,0.075809199,461,0.001523255,5258,0
http://www.cavitytrays.co.uk,0.043441227,162,0.000732995,827,0
http://www.omore.co.uk,0.022146508,80,0.000572652,479,0
http://www.builderswestmidlands.co.uk,0.04770017,433,0.000715816,830,0
http://www.castillium.co.uk,2.56E-03,4,5.15E-05,12,0
http://www.dirtyprettythings.co.uk,0.049403748,491,0.00107086,1547,0
http://www.wasteandsalvagerotherham.co.uk,2.56E-03,4,5.15E-05,12,0
http://www.ridgeway-information.com,0.029812606,82,0.000566926,348,0
http://www.passion-pictures.com,0.086882453,660,0.001717957,2754,0
http://www.westhillcab.org,0.062180579,328,0.001133852,1071,0
http://www.hubanddesign.co.uk,0.028960818,381,0.000423763,1030,0
http://www.coolbreeze.co.uk,0.044293015,181,0.000687183,515,0
http://www.dandimacg.co.uk,0.028109029,72,0.000389404,175,0
http://www.shambaholidays.co.uk,0.053662692,204,0.00080744,784,0
http://www.fireextinguishershop.co.uk,0.053662692,251,0.000710089,966,0
http://www.edtempleton.co.uk,0.076660988,663,0.001551888,2501,0
http://www.playahead.org.uk,0,,,,1
http://www.cma-cgm.com,0.080068143,904,0.001849667,3528,0
http://www.a3ando.com,0.068994889,417,0.00120257,1620,0
http://www.believeinyoungpeople.com,0.096252129,3965,0.002015736,8635,0
http://www.acsautowerks.com,0.045144804,304,0.000761628,1326,0
http://www.shortiesrestaurantsouthsea.co.uk,4.26E-03,6,9.74E-05,28,0
http://www.dcautorepairs.co.uk,0.056218058,385,0.000841799,891,0
http://www.eliteadvertisingweb.co.uk,0,,,,1
http://www.tcei.co.uk,0,,,,1
http://www.lockonproductions.com,0.058773424,366,0.00093915,1146,0
http://www.stevensdrake.com,0.10306644,787,0.001574794,3684,0
http://www.stickyfishpreschool.org.uk,0.018739353,56,0.000343591,136,0
http://www.randomgameslimited.com,0,,,,1
http://www.claimsbolton.co.uk,0,,,,1
http://www.elecsolutionsltd.co.uk,0.120954003,1950,0.001551888,6787,0
http://www.childfirsttrust.com,0.088586031,1084,0.002067275,3620,0
http://www.greenairheatpumps.co.uk,0.057069847,234,0.000744448,560,0
http://www.distinctiveevents.biz,0,,,,1
http://www.dsp-ltd.com,0.033219761,203,0.000589832,812,0
http://www.oriental-events.net,0.053662692,328,0.000876158,1149,0
http://www.britannic-chemical.com,1.45E-02,74,0.000383677,229,0
http://www.ebssurvey.co.uk,0.078364566,352,0.001013595,1014,0
http://www.greenfarmseeds.com,0.060477002,353,0.000967783,987,0
http://www.goodwillconsultancy.co.uk,0,,,,1
http://www.n2nitrogenservices.co.uk,0.039182283,210,0.000715816,821,0
http://www.akeelectrical.co.uk,0.078364566,1337,0.001540435,3254,0
http://www.pegasus-ent.com,0.017035775,46,0.000303506,213,0
http://www.cathay-investments.com,0.146507666,997,0.001826761,2496,0
http://www.smartthing.org,0.103918228,1243,0.001832488,5021,0
http://www.macform.org,8.52E-04,1,9.16E-05,24,0
http://www.odneurope.org,0.052810903,185,0.000750175,477,0
http://www.innovaturelabs.com,0.058773424,284,0.001007868,1640,0
http://www.lenzopartners.com,0.051107325,328,0.001248382,1822,0
http://www.ajrmotorsport.com,0.042589438,181,0.000778807,572,0
http://www.buchanroofing.co.uk,0.057069847,197,0.000899064,674,0
http://www.hellianmarine.com,0.051107325,363,0.000830346,1199,0
http://www.royalmusselburgh.co.uk,0.080068143,707,0.001420178,4126,0
http://www.eldredconstruction.co.uk,0.04770017,351,0.000767354,1170,0
http://www.imogenblood.co.uk,0.072402044,829,0.002399414,3743,0
http://www.vulcanholdings.co.uk,0.035775128,85,0.000566926,578,0
http://www.ambertrust.org,0.070698467,758,0.00135146,2893,0
http://www.hitgas.co.uk,0.045144804,265,0.000761628,784,0
http://www.ongfood.co.uk,0,,,,1
http://www.nibbleapps.com,0,,,,1
http://www.amarinrubber.co.uk,0.068143101,514,0.001082313,1985,0
http://www.darrensfreshfish.co.uk,0.077512777,582,0.001311374,3195,0
http://www.ldttransport.co.uk,1.02E-02,18,0.000257694,107,0
http://www.meldrums.co.uk,0.088586031,1215,0.001706504,7209,0
http://www.shampoochmobile.co.uk,0,,,,1
http://www.michaeltylerassociates.co.uk,0.017035775,36,0.000383677,184,0
http://www.pentacapital.com,0.045144804,172,0.000681456,475,0
http://www.tqinvest.co.uk,0.075809199,622,0.001385819,3097,0
http://www.claphams.net,8.52E-03,21,0.000349318,90,0
http://www.euticals.com,0.073253833,666,0.001282741,2924,0
http://www.goldwatersystems.co.uk,0.017035775,47,0.0002806,143,0
http://www.jordanbrettell.com,0.055366269,296,0.000950603,1123,0
http://www.criticalteamperformance.co.uk,0,,,,1
http://www.merchynleomaks.com,6.81E-03,11,0.000418036,171,0
http://www.rcksolutionsltd.co.uk,0,,,,1
http://www.business-sprinkler-alliance.org,0.080919932,858,0.001420178,2342,0
http://www.burhanbiz.com,2.56E-03,4,5.15E-05,11,0
http://www.pooleysapp.com,0.059625213,446,0.001105219,1654,0
http://www.streamlinepartitions.ie,0,,,,1
http://www.whisper.media,0.088586031,884,0.001620606,3566,0
http://www.alineservices.co.uk,0.017035775,57,0.000418036,287,0
http://www.brcomedy.com,0.034923339,119,0.000664277,629,0
http://www.thatsbellion.com,0,,,,1
http://www.apexlinvar.co.uk,0.037478705,132,0.000967783,580,0
http://www.mylor.com,0,,,,1
http://www.spokemead.co.uk,0.033219761,118,0.000572652,432,0
http://www.pab.eu,1.02E-02,65,0.000246241,157,0
http://www.peridesigns.co.uk,0,,,,1
http://www.brynmelynshoot.co.uk,0,,,,1
http://www.done4u.localbd.co.nz,0.045144804,122,0.000704362,526,0
http://www.bridgestock.ie,1.70E-03,2,1.15E-05,4,0
http://www.novimost.org,0.057069847,257,0.00108804,1456,0
http://www.fabrican.co.uk,0.063032368,245,0.000784534,1057,0
http://www.the-net-work-meetings.com,0.025553663,81,0.000463848,203,0
http://www.rc-mr.com,0.065587734,734,0.001145305,2969,0
http://www.visionvenue.com,5.11E-03,11,0.000257694,88,0
http://www.semanticaresearch.com,0.111584327,3505,0.001815308,9242,0
http://www.fellowshipeducation.org.uk,0.053662692,502,0.001128125,1857,0
http://www.intervensys.com,0.079216354,595,0.001947018,3024,0
http://www.cls-uv.com,0.099659284,932,0.001740863,3806,0
http://www.hwd-alcoplan.co.uk,0,,,,1
http://www.colinchau.com,0,,,,1
http://www.helixtc.co.uk,0.080068143,589,0.001402998,2325,0
http://www.doodlemoonch.com,9.37E-03,20,0.000314959,148,0
http://www.nk-k.co.jp,0.045144804,430,0.001128125,2363,0
http://www.greensfishmongers.com,0,,,,1
http://www.thestable.org.uk,0.021294719,61,0.000509661,417,0
http://www.rtsshopfitting.co.uk,5.11E-03,7,4.01E-05,10,0
http://www.sparconstruction.com,0,,,,1
http://www.thebespoketailor.co.uk,0.05451448,292,0.000893338,1528,0
http://www.mjwebstudio.co.uk,0.043441227,181,0.000864705,961,0
http://www.hounsfieldboilers.co.uk,0,,,,1
http://www.jsoffshore.com,0,,,,1
http://www.barberco.net,0,,,,1
http://www.mclelland.co.uk,9.37E-03,29,0.000326412,124,0
http://www.patagoniaunlimited.net,0.04770017,150,0.000933423,878,0
http://www.mepsu.com,0.017887564,46,0.000406583,392,0
http://www.architecturalsalvagesussex.co.uk,4.26E-03,6,8.59E-05,18,0
http://www.media-marketing.co.uk,0,,,,1
http://www.nissens.com,0.055366269,741,0.001122399,3353,0
http://www.mandela-children.org.uk,0.057921635,351,0.001116672,1251,0
http://www.ardnell.com,0,,,,1
http://www.downeyengineering.com,1.11E-02,49,0.000492481,388,0
http://www.graiseley-allotments.org,0.042589438,334,0.000841799,1432,0
http://www.kmil.co.uk,0,,,,1
http://www.sevenzeroseven.com,1.36E-02,52,0.000326412,205,0
http://www.southwesterncorp.com,0.074957411,246,0.000893338,869,0
http://www.littleworth.biz,0.049403748,391,0.000778807,1226,0
http://www.agatazabek.com,0,,,,1
http://www.novah.co.uk,0.097955707,541,0.001488896,2050,0
http://www.shalomhouseinc.org,0.051107325,526,0.000927697,1627,0
http://www.lwmeasurements.com,0,,,,1
http://www.modeperformance.co.uk,0.046848382,248,0.000899064,1100,0
http://www.brunsfield.co.uk,0.045144804,419,0.000933423,1807,0
http://www.ensignplastic.com,3.41E-03,4,7.44E-05,21,0
http://www.kickstartyourbusiness.net,0,,,,1
http://www.sharksswimschool.com,0.072402044,806,0.002164626,5485,0
http://www.rubygordon.co.uk,0.042589438,156,0.000641371,447,0
http://www.staffordhouse.co.uk,0.058773424,311,0.001672145,1873,0
http://www.zydeco-developments-ltd.com,0.048551959,182,0.00079026,1016,0
http://www.griffithseccles.com,0.195911414,8035,0.003521812,39041,0
http://www.cateringequipmentnorth.co.uk,0.06132879,666,0.001454537,1727,0
http://www.yorkboilersltd.com,0.082623509,753,0.001517529,2343,0
http://www.robson-laidler.co.uk,0,,,,1
http://www.uandi-design.com,0.082623509,1831,0.001580521,5143,0
http://www.ie-signs.co.uk,0.076660988,620,0.001500349,1913,0
http://www.fadicherrydesign.com,0.028109029,175,0.000618465,841,0
http://www.dvashboutique.com,0.037478705,154,0.00080744,969,0
http://www.uffordpark.co.uk,0.10306644,1104,0.004472415,7903,0
http://www.hyeoak.co.uk,0.049403748,207,0.000904791,1291,0
http://www.minstrelgroup.com,0.044293015,357,0.000893338,1409,0
http://www.sussexpsychology.co.uk,0,,,,1
http://www.danescourtroofing.co.uk,0.074957411,458,0.001254109,1552,0
http://www.medichempharmacy.com,0.016183986,92,0.00041231,302,0
http://www.brooksmed.com,0.022146508,49,0.000377951,288,0
http://www.buchelawlv.com,0.084327087,1627,0.001981377,8810,0
http://www.haslamsteel.co.uk,0.025553663,60,0.000406583,185,0
http://www.thorcoshipping.com,0.074957411,930,0.001208297,3093,0
http://www.samuel.com,0.127768313,962,0.002691466,4094,0
http://www.canglongpipe.com,0.038330494,171,0.000784534,921,0
http://www.stellex.co.uk,0.039182283,153,0.000498208,386,0
http://www.engaginggroup.com.au,0,,,,1
http://www.buckskin.org.uk,0.051107325,438,0.000984962,1892,0
http://www.pointeblank.net,0.02044293,61,0.000418036,422,0
http://www.childrensridingschool.co.uk,0.05451448,473,0.000916244,1479,0
http://www.sgrefurbishmentsltd.co.uk,0.058773424,198,0.000767354,712,0
http://www.servnetuk.com,0.091141397,1428,0.00186112,4716,0
http://www.nws24-7.info,1.19E-02,35,0.000154616,66,0
http://www.justfalafel.com,0.043441227,249,0.00092197,1688,0
http://www.bridgelearning.com.sg,0.079216354,516,0.00146599,2204,0
http://www.gurkha.com.hk,0.038330494,276,0.000607012,972,0
http://www.fashionlooksltd.com,0.063032368,330,0.001042227,1962,0
http://www.catslimited.com,0.063032368,521,0.001196844,2214,0
http://www.nevis-resources.co.uk,0.088586031,547,0.001494623,3985,0
http://www.omatics.com,0.093696763,982,0.003161041,4676,0
http://www.kitesurf-magazine.co.uk,0.094548552,1746,0.002050096,8511,0
http://www.wilsonlimitededitionfransiscochampionsaa8582.wordpress.com,0.073253833,390,0.001689325,2118,0
http://www.bradfabs.co.uk,0.080919932,629,0.00108804,1886,0
http://www.rastamouse.com,0.051959114,959,0.00133428,3185,0
http://www.landtrustsassociation.org.uk,8.52E-04,2,0,0,0
http://www.wmcpfa.org.uk,9.37E-03,20,0.000269147,223,0
http://www.milcom.edu.au,0.124361158,1651,0.002216165,8906,0
http://www.brendoncare.org.uk,0.076660988,1263,0.001695051,2949,0
http://www.rinac.com,0.10988075,568,0.001271288,2191,0
http://www.thearkcreations.co.uk,0.051107325,265,0.00093915,993,0
http://www.bluegen.net,1.11E-02,24,0.000217608,84,0
http://www.hamtunespares.co.uk,0,,,,1
http://www.bniyorkshirewest.co.uk,0.03407155,168,0.000624191,483,0
http://www.optimumcontracthire.co.uk,0.057069847,454,0.000962056,1897,0
http://www.mrcreepy.co.uk,0.019591141,56,0.000498208,288,0
http://www.henrybatteryltd.en.ec21.com,0,,,,1
http://www.green-international.com.hk,0,,,,1
http://www.medrx.com.bd,0.070698467,248,0.001093766,890,0
http://www.meolshall.co.uk,0.033219761,112,0.00065855,803,0
http://www.nord-pay.com,0.049403748,169,0.000893338,801,0
http://www.reptongroup.co.uk,0.063032368,657,0.001139578,1999,0
http://www.londonregalcollege.co.uk,0.038330494,160,0.00079026,1215,0
http://www.riskfactor-solutions.com,0.06132879,748,0.001007868,1963,0
http://www.timeswitchuk.com,0.059625213,735,0.00095633,2345,0
http://www.mmdrillingriversltd.blogspot.ca,0.056218058,615,0.001620606,3408,0
http://www.tridal.com,0,,,,1
http://www.trinet.com,0,,,,1
http://www.pjcole.com,0,,,,1
http://www.cogleyenterprises.com,0.049403748,136,0.000795987,658,0
http://www.uniqueformsltd.com,0.043441227,159,0.000652824,411,0
http://www.windowtintingmanchester.com,0.048551959,261,0.000818893,871,0
http://www.chaircoversandbows.co.uk,0.057921635,323,0.001019321,971,0
http://www.opusunderwriting.com,0.072402044,641,0.001288468,2352,0
http://www.castlepeak.com.hk,0.049403748,142,0.000618465,462,0
http://www.campdencottages.co.uk,0.090289608,752,0.001603427,3761,0
http://www.globalimperialsolutionsltd.wordpress.com,0.081771721,499,0.001786676,1799,0
http://www.acintegrated-systems.com,0,,,,1
http://www.passion4construction.co.uk,0.063884157,656,0.00133428,1918,0
http://www.border-traffic-service.co.uk,0.040034072,104,0.000584105,360,0
http://www.daineskapp.co.uk,0.042589438,219,0.000618465,540,0
http://www.basenetworks.co.uk,0.016183986,46,0.000326412,117,0
http://www.xtreme-eng.co.uk,0.093696763,1984,0.001689325,11908,0
http://www.venue360.co.uk,0.067291312,387,0.001282741,1570,0
http://www.otabe.co.uk,0,,,,1
http://www.fixitfred.co.uk,0.039182283,84,0.000469575,316,0
http://www.martsandlundy.co.uk,0.085178876,1063,0.00121975,2136,0
http://www.miltoncommunitywoodland.org,0.06132879,502,0.000927697,1542,0
http://www.newcovenantchurch.com,0.076660988,848,0.001700778,3108,0
http://www.rmaarchitects.co.uk,0.036626917,194,0.000704362,528,0
http://www.space-egse.co.uk,8.52E-04,1,8.59E-05,23,0
http://www.towergate.org.uk,0.141396934,1746,0.0018783,4524,0
http://www.theschooltravelcompany.com,0,,,,1
http://www.e-aname.com,5.96E-03,14,0.00011453,36,0
http://www.leemawdsley.co.uk,0.022998296,626,0.000589832,2558,0
http://www.playnation.co.uk,0,,,,1
http://www.sqhorseboxhire.co.uk,0.031516184,137,0.000704362,800,0
http://www.promensfoodpackaging.com,0.06132879,310,0.00067573,693,0
http://www.gwyn-may.co.uk,0.081771721,1186,0.002702919,7526,0
http://www.loweswatershow.com,0.078364566,480,0.001145305,1262,0
http://www.palladiobeauty.com,0.072402044,1056,0.002135993,3299,0
http://www.jorproperty.co.uk,5.11E-03,7,3.44E-05,9,0
http://www.arthurmurray.com,0.081771721,1402,0.002725825,5594,0
http://www.bespokeautostyling.com,0.084327087,1838,0.001528982,7089,0
http://www.willibetz.com,0.065587734,594,0.001832488,3497,0
http://www.eco-tabs.com,0.033219761,157,0.000612738,682,0
http://www.heatflow.net,0.066439523,485,0.001277015,2138,0
http://www.mers.co,0.072402044,503,0.001906933,1578,0
http://www.smithwaters.co.uk,0.030664395,125,0.000681456,627,0
http://www.dmbnorwichltd.com,0.095400341,1646,0.001769496,6766,0
http://www.bickfordbuildingservices.co.uk,0,,,,1
http://www.aadaptiv.com,5.96E-03,37,0.000211881,349,0
http://www.extrium.co.uk,0.076660988,746,0.000979236,1796,0
http://www.guardianlightningprotection.co.uk,0.066439523,395,0.001173937,1695,0
http://www.kallkwikportsmouth.co.uk,0,,,,1
http://www.eryribuilders.co.uk,0.076660988,261,0.000830346,524,0
http://www.bigburnssupper.com,0.035775128,120,0.000629918,536,0
http://www.werneth-electronics.com,0,,,,1
http://www.saltosystems.com,0.129471891,1025,0.001437358,2565,0
http://www.jlmundergroundsolutions.com.au,0.019591141,50,0.000389404,603,0
http://www.lawsonrobb.com,0.057921635,416,0.001168211,1550,0
http://www.britishrenewables.com,0.087734242,1130,0.001460264,4430,0
http://www.glencraft.co.uk,0.076660988,663,0.001425905,2338,0
http://www.oakridgefinancialplanning.co.uk,0.075809199,644,0.00201001,3021,0
http://www.slroc.uk.com,0.029812606,134,0.000463848,1152,0
http://www.dpdata.co.uk,0.019591141,40,0.000292053,127,0
http://www.key-insight-management.com,0.029812606,77,0.000440942,228,0
http://www.londonforus.com,0.038330494,193,0.000704362,1018,0
http://www.positivelyflourishing.co.uk,0.03407155,115,0.000767354,974,0
http://www.syspal.com,0.138841567,1799,0.001849667,5092,0
http://www.boundinglogic.com,0,,,,1
http://www.juryoshea.com,0.065587734,447,0.000927697,1391,0
http://www.thornflex.co.uk,0.064735945,329,0.00080744,915,0
http://www.wrightwayservices.co.uk,0.04770017,143,0.000664277,289,0
http://www.drexelcorporation.com,0.098807496,623,0.001162484,1959,0
http://www.en-route.co.uk,0.069846678,564,0.001448811,2417,0
http://www.leisure-trailer.co.uk,0.051107325,440,0.000910517,1845,0
http://www.pharmhe.com,0.072402044,331,0.001322827,1897,0
http://www.intelligentmoney.com,0.043441227,421,0.00108804,1843,0
http://www.kwikpictureframing.co.uk,0.098807496,2562,0.001918386,6533,0
http://www.dni-ltd.com,0.03407155,94,0.000458122,228,0
http://www.taylordavenport.co.uk,0.075809199,726,0.00148317,2628,0
http://www.ir.hertz.com,0,,,,1
http://www.elitemilking.co.uk,0.107325383,1495,0.001563341,4665,0
http://www.teessidecommercials.uk,0,,,,1
http://www.aquaterra.co.uk,0.050255537,257,0.000664277,598,0
http://www.watermota.co.uk,0.082623509,638,0.002336422,2846,0
http://www.activatelearning.ac.uk,0.094548552,935,0.001523255,2939,0
http://www.wakethetown.com,0.022146508,97,0.000538293,472,0
http://www.almerostudentmansions.com,0.067291312,1577,0.001660692,4933,0
http://www.pari-passu.co.uk,0.074957411,318,0.001110946,1108,0
http://www.lichfieldtechnologies.co.uk,0.032367973,79,0.000418036,424,0
http://www.legacybuilddesign.com,0.086030664,677,0.00108804,1665,0
http://www.newfoundplanetfilms.com,1.02E-02,30,0.000143163,54,0
http://www.chaseley.org.uk,0.081771721,532,0.001798129,2474,0
http://www.ngmtaxlaw.co.uk,0,,,,1
http://www.corfecastlepreschool.org.uk,0.060477002,1158,0.001036501,3567,0
http://www.deificjewelry.com,0.066439523,710,0.00146599,2880,0
http://www.tradevehiclesdirect.com,0.097955707,5054,0.001803855,15864,0
http://www.inardesign.com.au,0.038330494,224,0.000601285,681,0
http://www.birchillspressworks.co.uk,0.059625213,423,0.000704362,822,0
http://www.chellington.org,0.056218058,249,0.001007868,1186,0
http://www.8185727.listomera.co.uk,0.034923339,149,0.000881885,1381,0
http://www.dorrington.co.uk,0.018739353,60,0.000446669,360,0
http://www.tradecarsdirect.com,0.075809199,1339,0.001666419,5116,0
http://www.atoninformatics.com,0,,,,1
http://www.css-light-haulage-wakefield.com,0.056218058,396,0.001139578,1094,0
http://www.nkpdraughting.co.uk,0.058773424,186,0.000721542,611,0
http://www.altoncarsandvansltd.co.uk,0.077512777,798,0.002061549,5037,0
http://www.kommercialsense.com,0.034923339,102,0.000492481,643,0
http://www.lumanlighting.com,0.043441227,216,0.000750175,698,0
http://www.comforide.com,0,,,,1
http://www.bluepersonnel.com,5.96E-03,14,0.000246241,162,0
http://www.cjbayliss.co.uk,0.091993186,641,0.001151031,2442,0
http://www.bruntsfieldlinks.co.uk,0.059625213,569,0.001328554,2285,0
http://www.rcvbs.co.uk,0.04770017,300,0.00105368,1463,0
http://www.rti-payroll-solutions.co.uk,0.070698467,547,0.00146599,2739,0
http://www.completebuildingmaintenance.co.uk,0.064735945,457,0.000853252,1167,0
http://www.thriveforbusiness.co.uk,0.092844974,1208,0.001740863,4197,0
http://www.specialist-policing.co.uk,0.077512777,906,0.001259835,2122,0
http://www.cravens.co.uk,0,,,,1
http://www.manastypacking.com,0.049403748,115,0.000727269,382,0
http://www.shop.lazaris.com,0,,,,1
http://www.alprofil.com,0.057069847,227,0.000767354,569,0
http://www.seraphinsoftware.com,0.050255537,121,0.000681456,315,0
http://www.symatrix.com,0.078364566,771,0.001500349,3876,0
http://www.financeconnectfinancialplanning.com.au,0,,,,1
http://www.thornridgehomes.com,0.069846678,1063,0.001609153,4121,0
http://www.rufio.co.uk,0.036626917,118,0.000601285,690,0
http://www.psjfabrications.com,0.090289608,459,0.001191117,1815,0
http://www.vetlearning.co.uk,2.56E-03,4,5.15E-05,12,0
http://www.intl-solutions.com,0,,,,1
http://www.greenhighland.co.uk,0.068994889,601,0.001093766,2348,0
http://www.impartialoutcomes.co.uk,0.075809199,636,0.00120257,1670,0
http://www.dalesviewpartnership.co.uk,0.015332198,36,0.000297779,147,0
http://www.haringey6.ac.uk,0.096252129,1636,0.001591974,3338,0
http://www.managementconstruction.co.uk,1.45E-02,59,0.00039513,324,0
http://www.ecoprint.uk.com,0.049403748,174,0.000755901,625,0
http://www.caterhamschoolsportkit.co.uk,0,,,,1
http://www.theaoc.co.uk,0.055366269,184,0.000841799,583,0
http://www.davistownplanning.co.uk,0,,,,1
http://www.cjjoineryltd.com,0,,,,1
http://www.dymline.com,0.079216354,928,0.001821035,4109,0
http://www.greenwich.mclaren.com,0,,,,1
http://www.bluebellfittedfurniture.co.uk,0.067291312,904,0.001551888,4534,0
http://www.vwendangeredspecies.co.uk,8.52E-04,2,5.15E-05,12,0
http://www.family-care.co.uk,0.056218058,442,0.000950603,1247,0
http://www.woodwardrecruitment.co.uk,0.077512777,979,0.001345733,2713,0
http://www.indexcargologistics.com,0.06132879,372,0.000973509,1736,0
http://www.nurseryfresh.co.uk,0.049403748,214,0.000670003,618,0
http://www.securitay.co.uk,0.048551959,236,0.00092197,1005,0
http://www.caledoniansciencepress.com,0.031516184,109,0.000549746,557,0
http://www.eminencecouriers.com,0.017035775,32,0.000217608,93,0
http://www.hk-physiotherapy.co.uk,0,,,,1
http://www.convivialityretail.co.uk,0.05451448,868,0.001007868,2979,0
http://www.myclubbetting.com,0.102214651,1114,0.00172941,4277,0
http://www.comscale.co.uk,0.028960818,49,0.000383677,163,0
http://www.jlm-developments.co.uk,0.073253833,494,0.001345733,1392,0
http://www.ablegrowth.co.uk,0.075809199,512,0.001133852,1649,0
http://www.gamesdrop.co.uk,0,,,,1
http://www.abbeybookbinding.co.uk,0.063032368,627,0.000973509,1919,0
http://www.manytearsrescue.org,0.098807496,841,0.001884026,4231,0
http://www.bananaaudio.com,0.05451448,787,0.001151031,2295,0
http://www.bepgroup.com.hk,0.076660988,916,0.001357186,3969,0
http://www.kirstywither.com,0.024701874,77,0.000343591,193,0
http://www.human-aid.org,0.088586031,2926,0.001654965,9172,0
http://www.arcadeinternational.com,0,,,,1
http://www.environmentalimprovement.co.uk,0,,,,1
http://www.techtelservicesdirect.co.uk,0.048551959,434,0.000767354,998,0
http://www.bearskingroup.com,0,,,,1
http://www.omega-holidays.com,0.039182283,233,0.000773081,862,0
http://www.mjda.co.uk,0.039182283,211,0.000818893,998,0
http://www.adderstonegroup.com,0.065587734,547,0.001265562,1960,0
http://www.dentalcircle.com,0.091993186,1014,0.002519671,4693,0
http://www.giffordowen.com,0.040034072,78,0.000692909,413,0
http://www.ettall.com,0,,,,1
http://www.mlexmarketinsight.com,0.070698467,727,0.001236929,2948,0
http://www.burnhamlandscaping.co.uk,0.017887564,53,0.000360771,247,0
http://www.daf.co.uk,0.107325383,1412,0.002359328,5021,0
http://www.esp.uk.net,0.086030664,743,0.001563341,3292,0
http://www.jare-atp.co.uk,0.10988075,1099,0.001866847,4621,0
http://www.fionashipley.com,0.057921635,401,0.001580521,1496,0
http://www.restandplayfootwear.co.uk,0.057921635,242,0.000830346,681,0
http://www.thamesdesign.com,0.021294719,55,0.000429489,205,0
http://www.odeigahouse.com,0.060477002,509,0.001277015,2494,0
http://www.peeweekarate.co.uk,0,,,,1
http://www.taobaotrading.com,1.11E-02,22,0.001420178,518,0
http://www.bluestonerentals.co.uk,0,,,,1
http://www.hil-installations.com,0.038330494,230,0.000389404,459,0
http://www.thornburybaptistchurch.org.uk,0.059625213,459,0.001145305,3115,0
http://www.atlantic-windows.co.uk,0.078364566,650,0.00214172,2335,0
http://www.berdussinenterprises.com,0,,,,1
http://www.verdorenewables.co.uk,0.079216354,359,0.001214023,1464,0
http://www.thehungerproject.co.uk,0,,,,1
http://www.bricklandbuilding.co.uk,0.062180579,405,0.000973509,871,0
http://www.visionbathroomandkitchen.co.uk,0.063032368,938,0.001494623,2861,0
http://www.tatenhill-aviation.co.uk,0.097955707,2161,0.001906933,6897,0
http://www.sara-da-silva.com,0.17802385,5670,0.006402254,35347,0
http://www.silvermaze.co.uk,0.075809199,348,0.001277015,1954,0
http://www.stevedaleltd.co.uk,0.077512777,329,0.000984962,1023,0
http://www.mellhomes.co.uk,0,,,,1
http://www.rda-scaffolding.com,0.063884157,294,0.001030774,856,0
http://www.mil-festshop.com,0.072402044,1686,0.001511802,8884,0
http://www.seawideservices.co.uk,0.12350937,6815,0.002296336,35364,0
http://www.foodado.com,0.092844974,1111,0.001769496,3502,0
http://www.sparks-electricians.co.uk,0,,,,1
http://www.odity.co.uk,0,,,,1
http://www.ijabamosque.org.uk,0.066439523,306,0.001196844,1644,0
http://www.kwanandcompany.com,0.055366269,329,0.000916244,873,0
http://www.menastar.ltd.uk,5.96E-03,14,9.16E-05,25,0
http://www.certaconsulting.com,0,,,,1
http://www.xervonpalmers.com,0.091141397,717,0.001408725,2513,0
http://www.skillsforsouthsudan.org,0,,,,1
http://www.cobalt-ict.com,0,,,,1
http://www.zitech.co.uk,0,,,,1
http://www.francetelevisions.fr,0.077512777,1118,0.002135993,5524,0
http://www.learnpro.co.uk,0.110732538,1334,0.007158155,9879,0
http://www.bowcourt.co.uk,0.068994889,356,0.000979236,1377,0
http://www.missworld.com,0.063032368,648,0.001941292,4228,0
http://www.roofcleaningsystems.com,0,,,,1
http://www.brightnessmanagement.blogspot.com,0.06132879,643,0.001546162,3107,0
http://www.candidates.capabilityjane.com,0.095400341,864,0.001803855,3274,0
http://www.nortim.co.uk,0.088586031,869,0.001660692,2970,0
http://www.harrisonfield.co.uk,0.043441227,193,0.000830346,1420,0
http://www.k-boom.en.forbuyers.com,0.025553663,115,0.00054402,539,0
http://www.organic-aromatherapy.co.uk,0.083475298,818,0.001723684,3371,0
http://www.rusch.com,0.063032368,367,0.001294194,1781,0
http://www.i-konn.com,0.062180579,235,0.000858979,997,0
http://www.bobrussellengineering.org.uk,0.067291312,731,0.001431631,1830,0
http://www.iress.com.au,0.093696763,853,0.001540435,2365,0
http://www.somersetlimited.com,0.058773424,535,0.000967783,1960,0
http://www.tifausa.com,0.046848382,239,0.000727269,989,0
http://www.holycowonline.com,1.28E-02,35,0.000360771,236,0
http://www.salestraininghampshire.co.uk,0.085178876,623,0.001557615,2335,0
http://www.heywander.com,0.034923339,185,0.00079026,696,0
http://www.smcgwealth.com,0.041737649,186,0.000773081,638,0
http://www.targettimber.com,0.082623509,644,0.001179664,1768,0
http://www.andrewbowmanthatching.co.uk,0.090289608,1160,0.001929839,5704,0
http://www.scotrae.co.uk,0.046848382,172,0.000532567,433,0
http://www.aeromega.com,0.065587734,341,0.001191117,2130,0
http://www.thebertinetkitchen.com,0.041737649,209,0.000858979,743,0
http://www.high-achievers.org.uk,0,,,,1
http://www.flexiform.co.uk,0.11669506,4268,0.002279157,15730,0
http://www.yhahsn.org.uk,0.076660988,1425,0.001500349,3977,0
http://www.steamcarassociation.org.uk,0.052810903,198,0.000664277,522,0
http://www.finnells.co.uk,0.086882453,682,0.00121975,1547,0
http://www.wise-energy.co.uk,0.064735945,330,0.001145305,1243,0
http://www.whitby-seafoods.com,0.057921635,992,0.001196844,2370,0
http://www.gatic.com,0.094548552,614,0.001208297,2893,0
http://www.tsumanga.com,0.051959114,545,0.000996415,2037,0
http://www.cimbaliuk.com,0.121805792,1444,0.001987104,3976,0
http://www.simpleleisure.co.uk,1.02E-02,16,0.000257694,97,0
http://www.kingsleynet.co.uk,1.19E-02,24,0.000251967,156,0
http://www.balli.co.uk,5.96E-03,12,0.000137437,59,0
http://www.nytrexworld.com,0,,,,1
http://www.pumps-ltd.com,0.04088586,188,0.000618465,665,0
http://www.jigonline.com,0.06132879,464,0.00093915,1613,0
http://www.smokeyspubngrill.com,0,,,,1
http://www.yocofashion.com,4.26E-03,6,9.74E-05,28,0
http://www.roadrunnertrans.co.uk,0.056218058,528,0.001340007,1715,0
http://www.vpaservices.net,0.052810903,272,0.000847526,829,0
http://www.roedl.com,0.115843271,923,0.001918386,2802,0
http://www.qualitechservices.co.uk,0.068994889,417,0.001082313,1265,0
http://www.addicts4addicts.com,8.52E-04,1,8.02E-05,22,0
http://www.northernlearningtrust.org.uk,0.044293015,337,0.001162484,1341,0
http://www.euroz.com.au,0.078364566,568,0.001214023,2468,0
http://www.sparkrender.com,0.041737649,186,0.000755901,778,0
http://www.divtectrading-uk.com,0,,,,1
http://www.momentumsupport.eu,0.044293015,267,0.000692909,713,0
http://www.unitedhousedevelopments.net,0,,,,1
http://www.caxa.com.hypestat.com,0.097103918,930,0.002032916,4791,0
http://www.complicheckltd.co.uk,0.06132879,292,0.000996415,1056,0
http://www.thelearningconsultants.co.uk,1.45E-02,83,0.000314959,245,0
http://www.motoscape-rally.co.uk,0.067291312,523,0.00146599,3204,0
http://www.thirdfin.com,0.11669506,1302,0.002090181,4570,0
http://www.astor-leasing-ltd.reviewbusiness.co.uk,0,,,,1
http://www.rtcgroup.com.au,0.084327087,693,0.001523255,3371,0
http://www.ledsynergy.com,0,,,,1
http://www.mechabit.co.uk,0.067291312,680,0.001294194,3138,0
http://www.exceluk.biz,0.022146508,35,0.000492481,190,0
http://www.pearldentalceramics.co.uk,0.036626917,200,0.000652824,883,0
http://www.platipus-anchors.com,0.100511073,457,0.001162484,1648,0
http://www.owusuism.com,0.057069847,917,0.001385819,3438,0
http://www.energyscene.co.uk,0.083475298,849,0.001528982,2301,0
http://www.essentiaconsulting.com,0.082623509,714,0.001208297,1936,0
http://www.tswlog.com,0.068143101,501,0.001889753,1448,0
http://www.gsrltd.co.uk,0.057069847,303,0.000870432,1214,0
http://www.posterscope.com,0.04088586,150,0.000778807,774,0
http://www.crossroadsbarnsley.org,0,,,,1
http://www.englishcreamtea.com,0.062180579,347,0.001362913,1077,0
http://www.tpgbizsolutions.wordpress.com,0.068143101,667,0.00172941,2534,0
http://www.restenjones.com,0.057069847,234,0.000635644,692,0
http://www.unbxd.com,0.071550256,369,0.001139578,1342,0
http://www.jade-euro-med.co.uk,0.041737649,120,0.000618465,450,0
http://www.rainwatercollection.com,0.070698467,903,0.001277015,3147,0
http://www.abacusbuildingservices.com,0.066439523,1395,0.001162484,2749,0
http://www.cyclax.com,6.81E-03,13,0.000103077,27,0
http://www.raspinproperties.com,0.041737649,137,0.000572652,358,0
http://www.saraftrexim.com,0.05451448,161,0.000738722,716,0
http://www.sumanproperties.com,0.033219761,101,0.000624191,692,0
http://www.keepmovingforward.info,0.075809199,858,0.001591974,3157,0
http://www.cresswell-construction.com,0,,,,1
http://www.agile365.co.uk,0.086030664,859,0.003040784,3687,0
http://www.universalbioenergy.com,0.053662692,265,0.000984962,1201,0
http://www.itscr.co.uk,0.036626917,204,0.000692909,614,0
http://www.copyitdigital.co.uk,0.072402044,433,0.000979236,1434,0
http://www.torbay-aquatic.co.uk,0.051107325,294,0.000858979,2426,0
http://www.cotswoldmedicalaesthetic.co.uk,0.063884157,535,0.001385819,2057,0
http://www.animalartfair.com,0.068143101,1353,0.001277015,4438,0
http://www.barleycorninn.co.uk,0.073253833,701,0.001311374,2812,0
http://www.adventurerope.com,0.02044293,67,0.000400857,279,0
http://www.oneilsoft.com,0.056218058,428,0.000830346,1700,0
http://www.berwicksconsultants.com,0.050255537,338,0.000984962,1293,0
http://www.barloworld.com,0.097103918,894,0.00148317,3918,0
http://www.claydeneng.co.uk,0.049403748,216,0.000670003,652,0
http://www.wallymays.co.uk,0,,,,1
http://www.bostindesign.co.uk,0.037478705,122,0.000647097,497,0
http://www.arbus.co.uk,0,,,,1
http://www.deltoroshoes.com,0,,,,1
http://www.ashhousesheffield.co.uk,0.046848382,407,0.00079026,1234,0
http://www.thelegalconciergeservice.com,0,,,,1
http://www.chemglass.co.uk,0.073253833,634,0.001259835,2750,0